season,game_id,team,team_id,FGA,FTA,TOV,OREB,PTS,poss,pace,ortg,ot_periods,game_minutes
2025_full,1022500002,DAL,1611661321,66,24,14,8,84,84.0,84.0,100.0,0,40
2025_full,1022500002,MIN,1611661324,66,28,13,6,99,85.0,85.0,116.47,0,40
2025_full,1022500001,WAS,1611661322,61,31,7,5,94,76.0,76.0,123.68,0,40
2025_full,1022500001,ATL,1611661330,74,27,14,15,90,76.0,76.0,118.42,0,40
2025_full,1022500003,GSV,1611661331,63,13,20,9,67,79.0,79.0,84.81,0,40
2025_full,1022500003,LAS,1611661320,63,21,11,3,84,79.0,79.0,106.33,0,40
2025_full,1022500005,NYL,1611661313,72,21,6,6,92,79.0,79.0,116.46,0,40
2025_full,1022500005,LVA,1611661319,82,13,10,12,78,79.0,79.0,98.73,0,40
2025_full,1022500006,PHX,1611661317,58,21,14,4,59,72.0,72.0,81.94,0,40
2025_full,1022500006,SEA,1611661328,63,20,12,6,42,73.0,73.0,57.53,0,40
2025_full,1022500004,IND,1611661325,75,25,10,9,93,83.0,83.0,112.05,0,40
2025_full,1022500004,CHI,1611661329,79,12,17,12,58,83.0,83.0,69.88,0,40
2025_full,1022500008,LAS,1611661320,60,24,11,8,70,68.0,68.0,102.94,0,40
2025_full,1022500008,MIN,1611661324,71,13,8,7,82,70.0,70.0,117.14,0,40
2025_full,1022500007,CON,1611661323,66,29,12,11,85,79.0,79.0,107.59,0,40
2025_full,1022500007,WAS,1611661322,62,29,14,6,90,80.0,80.0,112.5,0,40
2025_full,1022500009,DAL,1611661321,73,19,14,12,71,77.0,77.0,92.21,0,40
2025_full,1022500009,SEA,1611661328,70,19,11,7,79,77.0,77.0,102.6,0,40
2025_full,1022500010,CON,1611661323,64,17,16,7,35,77.0,77.0,45.45,0,40
2025_full,1022500010,LVA,1611661319,67,30,11,12,65,78.0,78.0,83.33,0,40
2025_full,1022500011,IND,1611661325,68,26,14,8,90,80.0,80.0,112.5,0,40
2025_full,1022500011,ATL,1611661330,68,32,11,12,91,80.0,80.0,113.75,0,40
2025_full,1022500014,PHX,1611661317,67,27,12,6,89,83.0,83.0,107.23,0,40
2025_full,1022500014,LAS,1611661320,68,26,16,7,86,82.0,82.0,104.88,0,40
2025_full,1022500012,MIN,1611661324,59,27,17,12,85,77.0,77.0,110.39,0,40
2025_full,1022500012,DAL,1611661321,71,14,11,9,81,79.0,79.0,102.53,0,40
2025_full,1022500013,GSV,1611661331,72,28,11,11,61,82.0,82.0,74.39,0,40
2025_full,1022500013,WAS,1611661322,66,23,17,7,60,81.0,81.0,74.07,0,40
2025_full,1022500016,CHI,1611661329,69,25,23,14,74,84.0,84.0,88.1,0,40
2025_full,1022500016,NYL,1611661313,58,17,19,3,99,81.0,81.0,122.22,0,40
2025_full,1022500015,ATL,1611661330,67,23,12,6,76,84.0,84.0,90.48,0,40
2025_full,1022500015,IND,1611661325,74,15,13,7,81,83.0,83.0,97.59,0,40
2025_full,1022500018,LVA,1611661319,69,20,8,7,72,75.0,75.0,96.0,0,40
2025_full,1022500018,WAS,1611661322,60,17,15,6,72,75.0,75.0,96.0,0,40
2025_full,1022500019,LAS,1611661320,62,22,17,7,73,79.0,79.0,92.41,0,40
2025_full,1022500019,GSV,1611661331,65,21,15,8,82,79.0,79.0,103.8,0,40
2025_full,1022500017,MIN,1611661324,64,26,15,9,76,77.0,77.0,98.7,0,40
2025_full,1022500017,CON,1611661323,66,6,21,10,70,77.0,77.0,90.91,0,40
2025_full,1022500020,SEA,1611661328,64,14,15,4,77,77.0,77.0,100.0,0,40
2025_full,1022500020,PHX,1611661317,63,11,19,7,70,78.0,78.0,89.74,0,40
2025_full,1022500021,IND,1611661325,78,15,16,12,88,82.0,82.0,107.32,0,40
2025_full,1022500021,NYL,1611661313,63,32,12,7,90,82.0,82.0,109.76,0,40
2025_full,1022500022,ATL,1611661330,68,21,13,11,83,78.0,78.0,106.41,0,40
2025_full,1022500022,DAL,1611661321,82,14,8,11,75,78.0,78.0,96.15,0,40
2025_full,1022500025,PHX,1611661317,63,19,14,8,68,72.0,72.0,94.44,0,40
2025_full,1022500025,WAS,1611661322,54,21,27,10,62,71.0,71.0,87.32,0,40
2025_full,1022500024,LAS,1611661320,66,23,11,10,91,77.0,77.0,118.18,0,40
2025_full,1022500024,CHI,1611661329,69,12,17,12,78,78.0,78.0,100.0,0,40
2025_full,1022500026,SEA,1611661328,70,12,11,5,102,80.0,80.0,127.5,0,40
2025_full,1022500026,LVA,1611661319,66,20,12,5,82,81.0,81.0,101.23,0,40
2025_full,1022500023,ATL,1611661330,71,14,14,12,79,75.0,75.0,105.33,0,40
2025_full,1022500023,CON,1611661323,67,14,9,6,55,74.0,74.0,74.32,0,40
2025_full,1022500028,NYL,1611661313,74,13,13,9,95,82.0,82.0,115.85,0,40
2025_full,1022500028,GSV,1611661331,62,19,20,7,67,80.0,80.0,83.75,0,40
2025_full,1022500031,PHX,1611661317,78,19,9,10,94,82.0,82.0,114.63,0,40
2025_full,1022500031,CHI,1611661329,71,20,16,11,89,82.0,82.0,108.54,0,40
2025_full,1022500030,LAS,1611661320,67,17,13,8,82,77.0,77.0,106.49,0,40
2025_full,1022500030,ATL,1611661330,64,17,16,5,88,76.0,76.0,115.79,0,40
2025_full,1022500027,CON,1611661323,60,36,16,7,87,81.0,81.0,107.41,0,40
2025_full,1022500027,DAL,1611661321,66,29,12,10,109,79.0,79.0,137.97,0,40
2025_full,1022500029,MIN,1611661324,68,12,11,8,82,75.0,75.0,109.33,0,40
2025_full,1022500029,SEA,1611661328,67,18,14,10,77,76.0,76.0,101.32,0,40
2025_full,1022500032,WAS,1611661322,69,25,18,12,76,84.0,84.0,90.48,0,40
2025_full,1022500032,IND,1611661325,63,27,17,6,68,84.0,84.0,80.95,0,40
2025_full,1022500033,NYL,1611661313,61,27,13,8,82,76.0,76.0,107.89,0,40
2025_full,1022500033,GSV,1611661331,72,14,13,15,77,76.0,76.0,101.32,0,40
2025_full,1022500034,CHI,1611661329,79,17,13,14,97,82.0,82.0,118.29,0,40
2025_full,1022500034,DAL,1611661321,72,11,16,9,92,83.0,83.0,110.84,0,40
2025_full,1022500038,PHX,1611661317,71,14,14,11,71,79.0,79.0,89.87,0,40
2025_full,1022500038,MIN,1611661324,69,18,15,9,74,77.0,77.0,96.1,0,40
2025_full,1022500037,LVA,1611661319,70,23,10,6,84,82.0,82.0,102.44,0,40
2025_full,1022500037,LAS,1611661320,66,19,18,10,65,82.0,82.0,79.27,0,40
2025_full,1022500036,WAS,1611661322,74,18,10,8,63,79.0,79.0,79.75,0,40
2025_full,1022500036,NYL,1611661313,68,20,11,9,85,79.0,79.0,107.59,0,40
2025_full,1022500035,IND,1611661325,59,21,14,5,83,77.0,77.0,107.79,0,40
2025_full,1022500035,CON,1611661323,60,15,16,6,85,74.0,74.0,114.86,0,40
2025_full,1022500039,SEA,1611661328,67,20,14,7,87,78.0,78.0,111.54,0,40
2025_full,1022500039,ATL,1611661330,76,23,11,13,94,77.0,77.0,122.08,0,40
2025_full,1022500040,DAL,1611661321,67,33,14,13,44,78.0,78.0,56.41,0,40
2025_full,1022500040,CHI,1611661329,73,32,15,13,46,79.0,79.0,58.23,0,40
2025_full,1022500041,NYL,1611661313,53,17,19,2,100,77.0,77.0,129.87,0,40
2025_full,1022500041,CON,1611661323,61,9,19,10,52,73.0,73.0,71.23,0,40
2025_full,1022500042,LAS,1611661320,71,25,13,12,80,83.0,83.0,96.39,0,40
2025_full,1022500042,PHX,1611661317,64,24,12,7,85,80.0,80.0,106.25,0,40
2025_full,1022500043,SEA,1611661328,65,7,19,6,70,78.0,78.0,89.74,0,40
2025_full,1022500043,LVA,1611661319,64,14,15,6,75,76.0,76.0,98.68,0,40
2025_full,1022500044,GSV,1611661331,65,22,14,10,75,75.0,75.0,100.0,0,40
2025_full,1022500044,MIN,1611661324,66,20,12,10,86,75.0,75.0,114.67,0,40
2025_full,1022500046,MIN,1611661324,58,9,23,3,88,81.0,81.0,108.64,0,40
2025_full,1022500046,PHX,1611661317,73,5,10,6,65,80.0,80.0,81.25,0,40
2025_full,1022500045,IND,1611661325,59,23,8,1,85,71.0,71.0,119.72,0,40
2025_full,1022500045,WAS,1611661322,55,23,15,7,76,73.0,73.0,104.11,0,40
2025_full,1022500047,SEA,1611661328,62,21,16,3,83,81.0,81.0,102.47,0,40
2025_full,1022500047,DAL,1611661321,86,18,14,19,77,82.0,82.0,93.9,0,40
2025_full,1022500049,PHX,1611661317,65,20,17,10,86,79.0,79.0,108.86,0,40
2025_full,1022500049,GSV,1611661331,60,25,19,8,77,81.0,81.0,95.06,0,40
2025_full,1022500048,WAS,1611661322,67,24,14,12,78,81.0,81.0,96.3,0,40
2025_full,1022500048,NYL,1611661313,61,30,13,8,86,78.0,78.0,110.26,0,40
2025_full,1022500051,DAL,1611661321,73,11,15,13,79,75.0,75.0,105.33,0,40
2025_full,1022500051,LAS,1611661320,63,19,14,6,93,74.0,74.0,125.68,0,40
2025_full,1022500050,CON,1611661323,66,19,11,5,84,74.0,74.0,113.51,0,40
2025_full,1022500050,ATL,1611661330,68,17,12,7,76,75.0,75.0,101.33,0,40
2025_full,1022500054,PHX,1611661317,66,13,14,8,77,75.0,75.0,102.67,0,40
2025_full,1022500054,SEA,1611661328,66,17,11,9,89,74.0,74.0,120.27,0,40
2025_full,1022500053,CHI,1611661329,56,19,19,11,52,69.0,69.0,75.36,0,40
2025_full,1022500053,IND,1611661325,59,18,14,9,77,66.0,66.0,116.67,0,40
2025_full,1022500052,GSV,1611661331,71,18,12,8,95,80.0,80.0,118.75,0,40
2025_full,1022500052,LVA,1611661319,62,25,13,6,68,79.0,79.0,86.08,0,40
2025_full,1022500056,DAL,1611661321,65,23,15,13,65,72.0,72.0,90.28,0,40
2025_full,1022500056,MIN,1611661324,67,14,6,8,81,72.0,72.0,112.5,0,40
2025_full,1022500055,WAS,1611661322,63,37,15,12,102,79.0,79.0,129.11,0,40
2025_full,1022500055,CON,1611661323,66,9,17,6,66,78.0,78.0,84.62,0,40
2025_full,1022500057,LAS,1611661320,72,25,13,6,81,85.0,75.56,95.29,1,45
2025_full,1022500057,GSV,1611661331,80,23,13,17,89,82.0,72.89,108.54,1,45
2025_full,1022500059,NYL,1611661313,71,11,9,4,85,77.0,77.0,110.39,0,40
2025_full,1022500059,CHI,1611661329,66,7,22,10,66,77.0,77.0,85.71,0,40
2025_full,1022500058,ATL,1611661330,66,15,12,10,77,72.0,72.0,106.94,0,40
2025_full,1022500058,IND,1611661325,58,18,11,5,58,73.0,73.0,79.45,0,40
2025_full,1022500061,PHX,1611661317,70,11,10,6,93,76.0,76.0,122.37,0,40
2025_full,1022500061,DAL,1611661321,67,23,14,11,80,75.0,75.0,106.67,0,40
2025_full,1022500060,LVA,1611661319,72,29,9,9,89,81.0,81.0,109.88,0,40
2025_full,1022500060,LAS,1611661320,58,27,15,4,97,79.0,79.0,122.78,0,40
2025_full,1022500062,SEA,1611661328,69,15,10,8,94,76.0,76.0,123.68,0,40
2025_full,1022500062,MIN,1611661324,64,11,12,5,84,75.0,75.0,112.0,0,40
2025_full,1022500064,LVA,1611661319,62,28,18,10,88,82.0,82.0,107.32,0,40
2025_full,1022500064,DAL,1611661321,70,11,15,8,84,81.0,81.0,103.7,0,40
2025_full,1022500063,ATL,1611661330,70,17,12,12,88,75.0,75.0,117.33,0,40
2025_full,1022500063,CHI,1611661329,68,15,12,10,70,72.0,72.0,97.22,0,40
2025_full,1022500065,MIN,1611661324,72,10,9,6,101,78.0,78.0,129.49,0,40
2025_full,1022500065,LAS,1611661320,58,28,20,12,78,76.0,76.0,102.63,0,40
2025_full,1022500066,IND,1611661325,77,16,12,10,102,81.0,81.0,125.93,0,40
2025_full,1022500066,NYL,1611661313,71,30,11,10,88,83.0,83.0,106.02,0,40
2025_full,1022500067,GSV,1611661331,58,19,18,6,44,76.0,76.0,57.89,0,40
2025_full,1022500067,SEA,1611661328,62,14,16,3,30,76.0,76.0,39.47,0,40
2025_full,1022500070,LVA,1611661319,64,16,19,11,70,75.0,75.0,93.33,0,40
2025_full,1022500070,PHX,1611661317,73,12,12,14,76,74.0,74.0,102.7,0,40
2025_full,1022500069,WAS,1611661322,61,23,13,8,56,76.0,76.0,73.68,0,40
2025_full,1022500069,ATL,1611661330,70,13,6,7,89,74.0,74.0,120.27,0,40
2025_full,1022500068,CON,1611661323,64,12,12,10,66,72.0,72.0,91.67,0,40
2025_full,1022500068,CHI,1611661329,63,18,12,7,78,71.0,71.0,109.86,0,40
2025_full,1022500072,NYL,1611661313,71,20,12,9,86,76.0,76.0,113.16,0,40
2025_full,1022500072,ATL,1611661330,67,11,12,7,81,76.0,76.0,106.58,0,40
2025_full,1022500076,LAS,1611661320,64,23,22,13,67,81.0,81.0,82.72,0,40
2025_full,1022500076,SEA,1611661328,75,10,10,3,98,81.0,81.0,120.99,0,40
2025_full,1022500074,DAL,1611661321,74,19,11,13,76,75.0,75.0,101.33,0,40
2025_full,1022500074,GSV,1611661331,59,23,16,5,70,74.0,74.0,94.59,0,40
2025_full,1022500075,MIN,1611661324,76,17,8,14,76,73.0,73.0,104.11,0,40
2025_full,1022500075,LVA,1611661319,64,9,17,8,62,72.0,72.0,86.11,0,40
2025_full,1022500071,IND,1611661325,68,16,15,11,88,74.0,74.0,118.92,0,40
2025_full,1022500071,CON,1611661323,64,20,12,10,71,74.0,74.0,95.95,0,40
2025_full,1022500073,CHI,1611661329,61,13,22,9,72,78.0,78.0,92.31,0,40
2025_full,1022500073,WAS,1611661322,64,22,16,12,79,77.0,77.0,102.6,0,40
2025_full,1022500077,CON,1611661323,68,23,13,11,75,77.0,77.0,97.4,0,40
2025_full,1022500077,PHX,1611661317,64,27,12,12,83,78.0,78.0,106.41,0,40
2025_full,1022500078,NYL,1611661313,61,25,19,6,81,83.0,83.0,97.59,0,40
2025_full,1022500078,PHX,1611661317,72,27,13,15,89,83.0,83.0,107.23,0,40
2025_full,1022500079,GSV,1611661331,70,27,7,8,88,79.0,79.0,111.39,0,40
2025_full,1022500079,IND,1611661325,66,12,16,5,77,79.0,79.0,97.47,0,40
2025_full,1022500082,LVA,1611661319,61,21,14,6,83,78.0,78.0,106.41,0,40
2025_full,1022500082,SEA,1611661328,71,16,9,11,90,78.0,78.0,115.38,0,40
2025_full,1022500081,CON,1611661323,64,28,12,10,83,77.0,77.0,107.79,0,40
2025_full,1022500081,DAL,1611661321,67,30,17,17,86,77.0,77.0,111.69,0,40
2025_full,1022500080,ATL,1611661330,63,24,9,4,92,77.0,77.0,119.48,0,40
2025_full,1022500080,WAS,1611661322,64,24,14,9,91,78.0,78.0,116.67,0,40
2025_full,1022500084,MIN,1611661324,56,16,20,6,82,75.0,75.0,109.33,0,40
2025_full,1022500084,LAS,1611661320,65,16,15,9,66,75.0,75.0,88.0,0,40
2025_full,1022500083,CHI,1611661329,57,20,20,4,86,80.0,80.0,107.5,0,40
2025_full,1022500083,PHX,1611661317,68,24,19,12,107,82.0,82.0,130.49,0,40
2025_full,1022500087,LVA,1611661319,71,21,13,8,89,82.0,82.0,108.54,0,40
2025_full,1022500087,IND,1611661325,70,9,16,9,81,79.0,79.0,102.53,0,40
2025_full,1022500086,WAS,1611661322,62,41,16,9,91,87.0,77.33,104.6,1,45
2025_full,1022500086,DAL,1611661321,72,32,17,12,88,87.0,77.33,101.15,1,45
2025_full,1022500088,SEA,1611661328,82,15,10,9,89,86.0,86.0,103.49,0,40
2025_full,1022500088,NYL,1611661313,63,16,20,7,79,83.0,83.0,95.18,0,40
2025_full,1022500085,ATL,1611661330,66,30,9,7,93,76.0,76.0,122.37,0,40
2025_full,1022500085,CHI,1611661329,64,24,9,7,80,76.0,76.0,105.26,0,40
2025_full,1022500089,GSV,1611661331,78,29,9,19,87,74.0,74.0,117.57,0,40
2025_full,1022500089,CON,1611661323,66,21,13,10,63,72.0,72.0,87.5,0,40
2025_full,1022500092,DAL,1611661321,66,18,8,12,68,69.0,69.0,98.55,0,40
2025_full,1022500092,ATL,1611661330,64,25,9,12,55,69.0,69.0,79.71,0,40
2025_full,1022500090,WAS,1611661322,73,12,14,14,68,77.0,77.0,88.31,0,40
2025_full,1022500090,MIN,1611661324,58,25,19,9,64,79.0,79.0,81.01,0,40
2025_full,1022500093,SEA,1611661328,62,25,17,7,86,79.0,79.0,108.86,0,40
2025_full,1022500093,IND,1611661325,71,16,15,15,94,78.0,78.0,120.51,0,40
2025_full,1022500091,CHI,1611661329,74,33,11,12,97,80.0,80.0,121.25,0,40
2025_full,1022500091,LAS,1611661320,65,21,17,8,86,81.0,81.0,106.17,0,40
2025_full,1022500095,LVA,1611661319,70,16,15,10,85,78.0,78.0,108.97,0,40
2025_full,1022500095,CON,1611661323,71,12,12,7,59,78.0,78.0,75.64,0,40
2025_full,1022500094,GSV,1611661331,72,12,10,10,78,73.0,73.0,106.85,0,40
2025_full,1022500094,NYL,1611661313,72,19,8,13,81,72.0,72.0,112.5,0,40
2025_full,1022500097,LVA,1611661319,66,12,8,2,83,77.0,77.0,107.79,0,40
2025_full,1022500097,WAS,1611661322,70,25,8,9,94,77.0,77.0,122.08,0,40
2025_full,1022500096,IND,1611661325,63,28,13,10,75,76.0,76.0,98.68,0,40
2025_full,1022500096,LAS,1611661320,58,28,19,8,85,77.0,77.0,110.39,0,40
2025_full,1022500101,NYL,1611661313,65,25,12,6,91,80.0,80.0,113.75,0,40
2025_full,1022500101,PHX,1611661317,78,7,12,10,106,80.0,80.0,132.5,0,40
2025_full,1022500099,DAL,1611661321,68,25,8,9,86,72.0,72.0,119.44,0,40
2025_full,1022500099,IND,1611661325,59,22,11,5,94,71.0,71.0,132.39,0,40
2025_full,1022500102,SEA,1611661328,69,23,11,10,8,78.0,78.0,10.26,0,40
2025_full,1022500102,CON,1611661323,63,21,15,6,7,78.0,78.0,8.97,0,40
2025_full,1022500098,ATL,1611661330,76,27,13,13,92,86.0,76.44,106.98,1,45
2025_full,1022500098,MIN,1611661324,72,18,16,8,96,85.0,75.56,112.94,1,45
2025_full,1022500100,GSV,1611661331,69,29,9,10,44,77.0,77.0,57.14,0,40
2025_full,1022500100,CHI,1611661329,70,19,11,8,45,76.0,76.0,59.21,0,40
2025_full,1022500103,DAL,1611661321,62,18,19,10,79,76.0,76.0,103.95,0,40
2025_full,1022500103,WAS,1611661322,64,25,13,8,71,78.0,78.0,91.03,0,40
2025_full,1022500106,PHX,1611661317,71,21,11,12,53,78.0,78.0,67.95,0,40
2025_full,1022500106,LVA,1611661319,60,26,12,5,59,77.0,77.0,76.62,0,40
2025_full,1022500105,LAS,1611661320,72,22,13,12,85,76.0,76.0,111.84,0,40
2025_full,1022500105,CHI,1611661329,68,17,11,9,92,76.0,76.0,121.05,0,40
2025_full,1022500107,MIN,1611661324,71,24,13,11,102,75.0,75.0,136.0,0,40
2025_full,1022500107,CON,1611661323,66,17,14,9,63,75.0,75.0,84.0,0,40
2025_full,1022500104,ATL,1611661330,70,22,13,6,90,83.0,83.0,108.43,0,40
2025_full,1022500104,NYL,1611661313,68,15,13,5,81,83.0,83.0,97.59,0,40
2025_full,1022500108,GSV,1611661331,64,18,16,6,84,80.0,80.0,105.0,0,40
2025_full,1022500108,SEA,1611661328,74,14,11,13,57,78.0,78.0,73.08,0,40
2025_full,1022500110,NYL,1611661313,70,19,13,9,89,79.0,79.0,112.66,0,40
2025_full,1022500110,LAS,1611661320,56,26,17,4,79,79.0,79.0,100.0,0,40
2025_full,1022500112,DAL,1611661321,67,31,15,8,98,83.0,83.0,118.07,0,40
2025_full,1022500112,PHX,1611661317,67,31,10,7,89,82.0,82.0,108.54,0,40
2025_full,1022500113,MIN,1611661324,80,9,6,7,92,79.0,79.0,116.46,0,40
2025_full,1022500113,WAS,1611661322,60,23,20,5,75,79.0,79.0,94.94,0,40
2025_full,1022500109,IND,1611661325,63,17,12,10,81,69.0,69.0,117.39,0,40
2025_full,1022500109,LVA,1611661319,61,22,17,8,54,70.0,70.0,77.14,0,40
2025_full,1022500111,ATL,1611661330,66,21,16,15,79,78.0,78.0,101.28,0,40
2025_full,1022500111,SEA,1611661328,69,8,11,3,80,77.0,77.0,103.9,0,40
2025_full,1022500115,MIN,1611661324,64,15,9,9,82,68.0,68.0,120.59,0,40
2025_full,1022500115,GSV,1611661331,65,8,10,9,71,69.0,69.0,102.9,0,40
2025_full,1022500114,IND,1611661325,70,19,9,10,87,74.0,74.0,117.57,0,40
2025_full,1022500114,LAS,1611661320,65,23,7,6,89,74.0,74.0,120.27,0,40
2025_full,1022500117,NYL,1611661313,68,16,15,11,70,76.0,76.0,92.11,0,40
2025_full,1022500117,SEA,1611661328,71,14,10,8,79,75.0,75.0,105.33,0,40
2025_full,1022500116,CON,1611661323,63,19,14,6,68,76.0,76.0,89.47,0,40
2025_full,1022500116,LVA,1611661319,63,13,14,7,86,73.0,73.0,117.81,0,40
2025_full,1022500118,MIN,1611661324,72,17,8,8,80,78.0,78.0,102.56,0,40
2025_full,1022500118,CHI,1611661329,78,8,13,14,75,78.0,78.0,96.15,0,40
2025_full,1022500120,PHX,1611661317,76,25,9,11,102,83.0,83.0,122.89,0,40
2025_full,1022500120,DAL,1611661321,75,12,17,13,72,81.0,81.0,88.89,0,40
2025_full,1022500119,ATL,1611661330,66,24,10,8,90,78.0,78.0,115.38,0,40
2025_full,1022500119,GSV,1611661331,63,9,21,4,81,79.0,79.0,102.53,0,40
2025_full,1022500122,NYL,1611661313,70,26,9,9,87,76.0,76.0,114.47,0,40
2025_full,1022500122,LVA,1611661319,61,24,16,7,78,79.0,79.0,98.73,0,40
2025_full,1022500121,WAS,1611661322,71,31,13,13,81,78.0,78.0,103.85,0,40
2025_full,1022500121,CHI,1611661329,60,25,16,7,79,79.0,79.0,100.0,0,40
2025_full,1022500125,PHX,1611661317,73,10,9,7,79,76.0,76.0,103.95,0,40
2025_full,1022500125,MIN,1611661324,70,5,16,10,71,76.0,76.0,93.42,0,40
2025_full,1022500123,CON,1611661323,65,22,10,6,93,79.0,79.0,117.72,0,40
2025_full,1022500123,SEA,1611661328,69,19,9,7,83,78.0,78.0,106.41,0,40
2025_full,1022500124,IND,1611661325,68,14,14,7,61,79.0,79.0,77.22,0,40
2025_full,1022500124,GSV,1611661331,70,21,16,11,80,80.0,80.0,100.0,0,40
2025_full,1022500126,CHI,1611661329,57,23,15,9,87,72.0,72.0,120.83,0,40
2025_full,1022500126,DAL,1611661321,75,21,10,12,76,74.0,74.0,102.7,0,40
2025_full,1022500127,LAS,1611661320,58,12,22,4,82,79.0,79.0,103.8,0,40
2025_full,1022500127,MIN,1611661324,80,6,10,11,91,79.0,79.0,115.19,0,40
2025_full,1022500128,WAS,1611661322,62,17,16,6,70,79.0,79.0,88.61,0,40
2025_full,1022500128,LVA,1611661319,71,14,11,7,68,78.0,78.0,87.18,0,40
2025_full,1022500129,IND,1611661325,76,20,11,10,99,78.0,78.0,126.92,0,40
2025_full,1022500129,ATL,1611661330,67,14,11,7,82,77.0,77.0,106.49,0,40
2025_full,1022500130,SEA,1611661328,64,19,7,9,79,69.0,69.0,114.49,0,40
2025_full,1022500130,CON,1611661323,58,22,15,8,65,71.0,71.0,91.55,0,40
2025_full,1022500132,LVA,1611661319,62,35,9,8,104,76.0,76.0,136.84,0,40
2025_full,1022500132,GSV,1611661331,68,24,10,9,102,78.0,78.0,130.77,0,40
2025_full,1022500131,CHI,1611661329,76,16,17,13,87,81.0,81.0,107.41,0,40
2025_full,1022500131,MIN,1611661324,76,13,9,7,81,81.0,81.0,100.0,0,40
2025_full,1022500134,NYL,1611661313,78,11,6,8,79,78.0,78.0,101.28,0,40
2025_full,1022500134,ATL,1611661330,64,28,15,10,72,77.0,77.0,93.51,0,40
2025_full,1022500135,LAS,1611661320,75,16,12,15,92,77.0,77.0,119.48,0,40
2025_full,1022500135,CON,1611661323,68,14,16,6,88,78.0,78.0,112.82,0,40
2025_full,1022500133,IND,1611661325,77,19,8,11,102,80.0,80.0,127.5,0,40
2025_full,1022500133,DAL,1611661321,71,11,17,9,83,79.0,79.0,105.06,0,40
2025_full,1022500136,SEA,1611661328,69,14,15,9,69,78.0,78.0,88.46,0,40
2025_full,1022500136,WAS,1611661322,63,22,15,9,74,77.0,77.0,96.1,0,40
2025_full,1022500137,CHI,1611661329,60,16,18,7,78,75.0,75.0,104.0,0,40
2025_full,1022500137,MIN,1611661324,71,16,10,9,91,77.0,77.0,118.18,0,40
2025_full,1022500138,GSV,1611661331,74,15,9,11,77,75.0,75.0,102.67,0,40
2025_full,1022500138,PHX,1611661317,57,19,14,3,78,76.0,76.0,102.63,0,40
2025_full,1022500140,LAS,1611661320,71,22,10,4,99,82.0,82.0,120.73,0,40
2025_full,1022500140,WAS,1611661322,69,14,17,7,80,82.0,82.0,97.56,0,40
2025_full,1022500139,CON,1611661323,83,16,8,12,77,80.0,80.0,96.25,0,40
2025_full,1022500139,IND,1611661325,59,29,12,5,85,80.0,80.0,106.25,0,40
2025_full,1022500144,NYL,1611661313,64,11,13,2,98,78.0,78.0,125.64,0,40
2025_full,1022500144,IND,1611661325,76,15,12,13,77,76.0,76.0,101.32,0,40
2025_full,1022500145,DAL,1611661321,85,11,11,9,86,84.0,84.0,102.38,0,40
2025_full,1022500145,LVA,1611661319,71,26,15,11,90,83.0,83.0,108.43,0,40
2025_full,1022500142,MIN,1611661324,68,14,13,7,79,78.0,78.0,101.28,0,40
2025_full,1022500142,PHX,1611661317,70,15,12,9,66,77.0,77.0,85.71,0,40
2025_full,1022500143,SEA,1611661328,64,22,7,6,67,72.0,72.0,93.06,0,40
2025_full,1022500143,GSV,1611661331,60,16,11,5,58,71.0,71.0,81.69,0,40
2025_full,1022500141,CHI,1611661329,71,8,13,9,49,73.0,73.0,67.12,0,40
2025_full,1022500141,ATL,1611661330,66,20,10,5,86,75.0,75.0,114.67,0,40
2025_full,1022500147,NYL,1611661313,64,21,19,4,98,88.0,88.0,111.36,0,40
2025_full,1022500147,IND,1611661325,74,14,19,6,84,90.0,90.0,93.33,0,40
2025_full,1022500149,LVA,1611661319,69,21,11,5,87,82.0,82.0,106.1,0,40
2025_full,1022500149,ATL,1611661330,65,17,19,5,72,83.0,83.0,86.75,0,40
2025_full,1022500146,WAS,1611661322,61,25,15,7,86,79.0,79.0,108.86,0,40
2025_full,1022500146,LAS,1611661320,68,14,16,11,93,76.0,76.0,122.37,0,40
2025_full,1022500148,MIN,1611661324,70,24,8,10,91,77.0,77.0,118.18,0,40
2025_full,1022500148,CHI,1611661329,61,16,21,12,68,74.0,74.0,91.89,0,40
2025_full,1022500150,SEA,1611661328,75,14,9,6,63,80.0,80.0,78.75,0,40
2025_full,1022500150,DAL,1611661321,71,17,15,9,87,81.0,81.0,107.41,0,40
2025_full,1022500151,PHX,1611661317,67,21,8,5,79,77.0,77.0,102.6,0,40
2025_full,1022500151,ATL,1611661330,68,15,8,4,90,77.0,77.0,116.88,0,40
2025_full,1022500152,CON,1611661323,76,23,13,10,86,85.0,85.0,101.18,0,40
2025_full,1022500152,LAS,1611661320,63,36,15,5,101,84.0,84.0,120.24,0,40
2025_full,1022500153,IND,1611661325,71,14,13,10,80,77.0,77.0,103.9,0,40
2025_full,1022500153,LVA,1611661319,67,17,14,9,70,77.0,77.0,90.91,0,40
2025_full,1022500154,CHI,1611661329,62,15,19,8,57,76.0,76.0,75.0,0,40
2025_full,1022500154,SEA,1611661328,69,15,10,8,95,77.0,77.0,123.38,0,40
2025_full,1022500155,NYL,1611661313,69,22,16,8,89,80.0,80.0,111.25,0,40
2025_full,1022500155,PHX,1611661317,77,13,14,9,76,80.0,80.0,95.0,0,40
2025_full,1022500156,MIN,1611661324,68,38,10,12,109,79.0,79.0,137.97,0,40
2025_full,1022500156,LVA,1611661319,71,23,6,10,78,78.0,78.0,100.0,0,40
2025_full,1022500157,GSV,1611661331,64,25,17,10,75,77.0,77.0,97.4,0,40
2025_full,1022500157,DAL,1611661321,64,19,13,7,71,76.0,76.0,93.42,0,40
2025_full,1022500159,NYL,1611661313,73,19,10,7,99,84.0,84.0,117.86,0,40
2025_full,1022500159,LAS,1611661320,76,18,12,9,101,85.0,85.0,118.82,0,40
2025_full,1022500160,WAS,1611661322,66,9,17,8,69,75.0,75.0,92.0,0,40
2025_full,1022500160,SEA,1611661328,67,11,14,7,58,77.0,77.0,75.32,0,40
2025_full,1022500162,DAL,1611661321,79,21,11,14,80,80.0,80.0,100.0,0,40
2025_full,1022500162,LVA,1611661319,74,24,10,11,106,80.0,80.0,132.5,0,40
2025_full,1022500163,WAS,1611661322,63,22,17,9,72,78.0,78.0,92.31,0,40
2025_full,1022500163,PHX,1611661317,68,14,13,6,88,78.0,78.0,112.82,0,40
2025_full,1022500161,CON,1611661323,66,14,16,8,95,78.0,78.0,121.79,0,40
2025_full,1022500161,GSV,1611661331,59,23,22,8,64,76.0,76.0,84.21,0,40
2025_full,1022500164,MIN,1611661324,66,8,16,4,86,80.0,80.0,107.5,0,40
2025_full,1022500164,ATL,1611661330,65,17,16,7,90,79.0,79.0,113.92,0,40
2025_full,1022500158,CHI,1611661329,65,14,20,7,78,82.0,82.0,95.12,0,40
2025_full,1022500158,IND,1611661325,70,16,11,7,93,81.0,81.0,114.81,0,40
2025_full,1022500166,DAL,1611661321,78,14,10,9,92,82.0,82.0,112.2,0,40
2025_full,1022500166,NYL,1611661313,64,24,12,5,82,82.0,82.0,100.0,0,40
2025_full,1022500165,CON,1611661323,67,26,13,3,85,83.0,83.0,102.41,0,40
2025_full,1022500165,SEA,1611661328,69,10,15,3,101,82.0,82.0,123.17,0,40
2025_full,1022500169,LAS,1611661320,69,19,19,7,74,81.0,81.0,91.36,0,40
2025_full,1022500169,LVA,1611661319,78,8,13,12,89,79.0,79.0,112.66,0,40
2025_full,1022500168,WAS,1611661322,71,27,10,9,39,78.0,78.0,50.0,0,40
2025_full,1022500168,CHI,1611661329,71,18,12,11,31,78.0,78.0,39.74,0,40
2025_full,1022500167,ATL,1611661330,64,21,6,8,75,66.0,66.0,113.64,0,40
2025_full,1022500167,GSV,1611661331,63,8,13,9,77,66.0,66.0,116.67,0,40
2025_full,1022500171,DAL,1611661321,68,8,8,5,85,72.0,72.0,118.06,0,40
2025_full,1022500171,ATL,1611661330,63,13,12,6,88,73.0,73.0,120.55,0,40
2025_full,1022500172,MIN,1611661324,73,19,10,11,100,79.0,79.0,126.58,0,40
2025_full,1022500172,NYL,1611661313,72,18,9,6,93,80.0,80.0,116.25,0,40
2025_full,1022500170,IND,1611661325,62,38,16,6,107,89.0,89.0,120.22,0,40
2025_full,1022500170,PHX,1611661317,73,26,17,6,101,91.0,91.0,110.99,0,40
2025_full,1022500173,WAS,1611661322,68,12,6,7,67,68.0,68.0,98.53,0,40
2025_full,1022500173,GSV,1611661331,57,15,14,6,68,69.0,69.0,98.55,0,40
2025_full,1022500177,DAL,1611661321,64,25,14,4,78,83.0,83.0,93.98,0,40
2025_full,1022500177,IND,1611661325,73,13,19,14,88,84.0,84.0,104.76,0,40
2025_full,1022500175,CON,1611661323,69,24,17,13,78,81.0,81.0,96.3,0,40
2025_full,1022500175,NYL,1611661313,59,17,21,7,62,78.0,78.0,79.49,0,40
2025_full,1022500178,SEA,1611661328,94,19,12,13,106,98.0,78.4,108.16,2,50
2025_full,1022500178,LAS,1611661320,88,25,18,12,108,99.0,79.2,109.09,2,50
2025_full,1022500176,CHI,1611661329,64,10,10,8,66,70.0,70.0,94.29,0,40
2025_full,1022500176,GSV,1611661331,65,16,9,5,73,70.0,70.0,104.29,0,40
2025_full,1022500174,ATL,1611661330,66,18,7,6,93,73.0,73.0,127.4,0,40
2025_full,1022500174,PHX,1611661317,70,17,9,9,72,72.0,72.0,100.0,0,40
2025_full,1022500179,LVA,1611661319,67,8,15,4,58,76.0,76.0,76.32,0,40
2025_full,1022500179,MIN,1611661324,71,14,10,10,111,75.0,75.0,148.0,0,40
2025_full,1022500183,LVA,1611661319,76,16,15,18,101,77.0,77.0,131.17,0,40
2025_full,1022500183,GSV,1611661331,73,18,10,17,77,72.0,72.0,106.94,0,40
2025_full,1022500181,CON,1611661323,68,22,13,6,78,83.0,83.0,93.98,0,40
2025_full,1022500181,NYL,1611661313,62,23,20,7,87,82.0,82.0,106.1,0,40
2025_full,1022500184,SEA,1611661328,68,15,14,6,74,80.0,80.0,92.5,0,40
2025_full,1022500184,IND,1611661325,67,13,16,5,78,81.0,81.0,96.3,0,40
2025_full,1022500182,CHI,1611661329,70,18,12,13,67,75.0,75.0,89.33,0,40
2025_full,1022500182,PHX,1611661317,73,14,9,14,83,74.0,74.0,112.16,0,40
2025_full,1022500180,ATL,1611661330,64,23,21,10,99,85.0,85.0,116.47,0,40
2025_full,1022500180,WAS,1611661322,63,20,22,6,83,85.0,85.0,97.65,0,40
2025_full,1022500185,NYL,1611661313,65,13,8,2,85,75.0,75.0,113.33,0,40
2025_full,1022500185,DAL,1611661321,78,16,7,15,76,74.0,74.0,102.7,0,40
2025_full,1022500188,PHX,1611661317,64,19,18,8,82,79.0,79.0,103.8,0,40
2025_full,1022500188,CON,1611661323,72,12,17,12,66,80.0,80.0,82.5,0,40
2025_full,1022500187,LAS,1611661320,66,15,11,7,100,73.0,73.0,136.99,0,40
2025_full,1022500187,IND,1611661325,77,13,4,10,91,75.0,75.0,121.33,0,40
2025_full,1022500189,SEA,1611661328,69,12,14,3,87,83.0,83.0,104.82,0,40
2025_full,1022500189,MIN,1611661324,70,26,15,9,91,82.0,82.0,110.98,0,40
2025_full,1022500186,CHI,1611661329,63,9,18,8,78,74.0,74.0,105.41,0,40
2025_full,1022500186,WAS,1611661322,65,15,11,7,64,74.0,74.0,86.49,0,40
2025_full,1022500190,GSV,1611661331,63,19,13,9,72,75.0,75.0,96.0,0,40
2025_full,1022500190,LVA,1611661319,60,25,13,9,78,74.0,74.0,105.41,0,40
2025_full,1022500193,PHX,1611661317,77,18,13,13,95,80.0,80.0,118.75,0,40
2025_full,1022500193,IND,1611661325,67,13,20,11,60,80.0,80.0,75.0,0,40
2025_full,1022500192,LAS,1611661320,62,26,14,6,102,77.0,77.0,132.47,0,40
2025_full,1022500192,CON,1611661323,80,15,9,14,91,76.0,76.0,119.74,0,40
2025_full,1022500191,CHI,1611661329,64,8,13,1,65,77.0,77.0,84.42,0,40
2025_full,1022500191,ATL,1611661330,62,25,11,5,86,77.0,77.0,111.69,0,40
2025_full,1022500196,LVA,1611661319,69,23,12,11,90,77.0,77.0,116.88,0,40
2025_full,1022500196,SEA,1611661328,67,21,7,4,86,78.0,78.0,110.26,0,40
2025_full,1022500194,DAL,1611661321,70,23,15,10,77,81.0,81.0,95.06,0,40
2025_full,1022500194,NYL,1611661313,67,16,10,5,88,79.0,79.0,111.39,0,40
2025_full,1022500195,MIN,1611661324,59,15,14,3,80,73.0,73.0,109.59,0,40
2025_full,1022500195,WAS,1611661322,63,9,18,10,76,71.0,71.0,107.04,0,40
2025_full,1022500198,IND,1611661325,70,19,7,11,92,71.0,71.0,129.58,0,40
2025_full,1022500198,CHI,1611661329,73,4,11,14,70,68.0,68.0,102.94,0,40
2025_full,1022500197,GSV,1611661331,61,10,13,6,72,70.0,70.0,102.86,0,40
2025_full,1022500197,LAS,1611661320,61,14,12,5,59,72.0,72.0,81.94,0,40
2025_full,1022500199,NYL,1611661313,66,9,18,9,71,76.0,76.0,93.42,0,40
2025_full,1022500199,MIN,1611661324,70,8,10,9,83,74.0,74.0,112.16,0,40
2025_full,1022500202,PHX,1611661317,69,14,12,9,66,72.0,72.0,91.67,0,40
2025_full,1022500202,ATL,1611661330,65,19,10,9,74,73.0,73.0,101.37,0,40
2025_full,1022500203,LVA,1611661319,71,21,15,11,94,77.0,77.0,122.08,0,40
2025_full,1022500203,CON,1611661323,70,2,12,3,86,79.0,79.0,108.86,0,40
2025_full,1022500201,LAS,1611661320,64,13,19,7,94,81.0,81.0,116.05,0,40
2025_full,1022500201,SEA,1611661328,78,9,14,12,91,82.0,82.0,110.98,0,40
2025_full,1022500200,DAL,1611661321,63,29,13,6,78,80.0,80.0,97.5,0,40
2025_full,1022500200,WAS,1611661322,59,26,17,6,91,78.0,78.0,116.67,0,40
2025_full,1022500204,GSV,1611661331,63,13,7,7,72,68.0,68.0,105.88,0,40
2025_full,1022500204,CON,1611661323,61,14,13,10,56,68.0,68.0,82.35,0,40
2025_full,1022500206,LAS,1611661320,77,19,7,11,97,80.0,80.0,121.25,0,40
2025_full,1022500206,NYL,1611661313,68,19,11,8,105,80.0,80.0,131.25,0,40
2025_full,1022500205,IND,1611661325,63,19,17,8,80,77.0,77.0,103.9,0,40
2025_full,1022500205,DAL,1611661321,71,15,14,7,81,79.0,79.0,102.53,0,40
2025_full,1022500209,LVA,1611661319,65,28,10,14,83,71.0,71.0,116.9,0,40
2025_full,1022500209,NYL,1611661313,64,16,11,6,77,72.0,72.0,106.94,0,40
2025_full,1022500208,WAS,1611661322,64,18,8,7,83,70.0,70.0,118.57,0,40
2025_full,1022500208,GSV,1611661331,57,17,13,7,88,70.0,70.0,125.71,0,40
2025_full,1022500207,CON,1611661323,71,15,5,9,70,70.0,70.0,100.0,0,40
2025_full,1022500207,CHI,1611661329,62,12,19,10,62,70.0,70.0,88.57,0,40
2025_full,1022500210,SEA,1611661328,74,13,6,6,75,75.0,75.0,100.0,0,40
2025_full,1022500210,ATL,1611661330,63,15,14,9,85,73.0,73.0,116.44,0,40
2025_full,1022500215,PHX,1611661317,68,14,12,7,83,77.0,77.0,107.79,0,40
2025_full,1022500215,LVA,1611661319,66,26,11,12,86,77.0,77.0,111.69,0,40
2025_full,1022500213,DAL,1611661321,75,11,15,7,96,84.0,84.0,114.29,0,40
2025_full,1022500213,LAS,1611661320,75,25,14,15,97,81.0,81.0,119.75,0,40
2025_full,1022500211,IND,1611661325,73,16,9,7,84,77.0,77.0,109.09,0,40
2025_full,1022500211,WAS,1611661322,55,26,13,4,88,75.0,75.0,117.33,0,40
2025_full,1022500212,CHI,1611661329,65,6,14,9,59,67.0,67.0,88.06,0,40
2025_full,1022500212,GSV,1611661331,56,25,8,6,90,67.0,67.0,134.33,0,40
2025_full,1022500214,ATL,1611661330,58,25,12,7,78,72.0,72.0,108.33,0,40
2025_full,1022500214,SEA,1611661328,71,13,6,7,80,73.0,73.0,109.59,0,40
2025_full,1022500216,MIN,1611661324,65,33,7,6,86,75.0,75.0,114.67,0,40
2025_full,1022500216,NYL,1611661313,71,8,13,7,80,75.0,75.0,106.67,0,40
2025_full,1022500219,LVA,1611661319,68,23,8,4,106,78.0,78.0,135.9,0,40
2025_full,1022500219,DAL,1611661321,78,9,12,8,87,79.0,79.0,110.13,0,40
2025_full,1022500217,WAS,1611661322,59,18,14,8,95,72.0,72.0,131.94,0,40
2025_full,1022500217,LAS,1611661320,70,11,7,4,86,76.0,76.0,113.16,0,40
2025_full,1022500218,CON,1611661323,73,20,14,7,93,87.0,77.33,106.9,1,45
2025_full,1022500218,IND,1611661325,78,25,16,14,99,86.0,76.44,115.12,1,45
2025_full,1022500220,SEA,1611661328,72,13,12,3,78,84.0,84.0,92.86,0,40
2025_full,1022500220,PHX,1611661317,64,18,17,3,83,84.0,84.0,98.81,0,40
2025_full,1022500221,GSV,1611661331,60,16,8,5,63,70.0,70.0,90.0,0,40
2025_full,1022500221,ATL,1611661330,68,16,9,9,79,71.0,71.0,111.27,0,40
2025_full,1022500222,NYL,1611661313,66,18,12,8,85,75.0,75.0,113.33,0,40
2025_full,1022500222,MIN,1611661324,71,14,10,12,75,74.0,74.0,101.35,0,40
2025_full,1022500225,LVA,1611661319,64,11,13,9,74,71.0,71.0,104.23,0,40
2025_full,1022500225,ATL,1611661330,65,14,10,9,72,70.0,70.0,102.86,0,40
2025_full,1022500223,WAS,1611661322,62,14,14,6,69,76.0,76.0,90.79,0,40
2025_full,1022500223,CON,1611661323,68,19,10,9,80,77.0,77.0,103.9,0,40
2025_full,1022500224,CHI,1611661329,77,10,12,7,88,77.0,77.0,114.29,0,40
2025_full,1022500224,SEA,1611661328,68,23,12,6,94,77.0,77.0,122.08,0,40
2025_full,1022500226,GSV,1611661331,77,17,3,9,91,76.0,76.0,119.74,0,40
2025_full,1022500226,PHX,1611661317,69,23,10,10,98,73.0,73.0,134.25,0,40
2025_full,1022500227,LAS,1611661320,74,8,14,11,81,76.0,76.0,106.58,0,40
2025_full,1022500227,DAL,1611661321,60,14,15,2,80,77.0,77.0,103.9,0,40
2025_full,1022500229,NYL,1611661313,72,15,13,10,85,79.0,79.0,107.59,0,40
2025_full,1022500229,CHI,1611661329,62,29,13,10,91,77.0,77.0,118.18,0,40
2025_full,1022500231,LVA,1611661319,73,10,4,6,83,72.0,72.0,115.28,0,40
2025_full,1022500231,PHX,1611661317,71,13,13,13,61,73.0,73.0,83.56,0,40
2025_full,1022500228,CON,1611661323,67,17,10,8,67,71.0,71.0,94.37,0,40
2025_full,1022500228,WAS,1611661322,51,18,16,3,56,71.0,71.0,78.87,0,40
2025_full,1022500230,ATL,1611661330,71,13,9,6,75,77.0,77.0,97.4,0,40
2025_full,1022500230,MIN,1611661324,70,8,18,10,73,80.0,80.0,91.25,0,40
2025_full,1022500234,PHX,1611661317,64,15,13,7,81,74.0,74.0,109.46,0,40
2025_full,1022500234,GSV,1611661331,67,19,6,6,72,74.0,74.0,97.3,0,40
2025_full,1022500233,DAL,1611661321,67,19,16,9,60,81.0,81.0,74.07,0,40
2025_full,1022500233,SEA,1611661328,64,23,8,2,95,80.0,80.0,118.75,0,40
2025_full,1022500232,IND,1611661325,62,13,13,4,90,74.0,74.0,121.62,0,40
2025_full,1022500232,MIN,1611661324,68,17,8,9,95,71.0,71.0,133.8,0,40
2025_full,1022500236,WAS,1611661322,65,28,12,8,81,77.0,77.0,105.19,0,40
2025_full,1022500236,LVA,1611661319,65,15,11,4,91,76.0,76.0,119.74,0,40
2025_full,1022500237,CHI,1611661329,61,26,17,10,84,76.0,76.0,110.53,0,40
2025_full,1022500237,CON,1611661323,66,22,8,7,94,75.0,75.0,125.33,0,40
2025_full,1022500235,ATL,1611661330,76,12,5,16,78,69.0,69.0,113.04,0,40
2025_full,1022500235,NYL,1611661313,58,10,13,4,62,70.0,70.0,88.57,0,40
2025_full,1022500239,DAL,1611661321,75,14,3,12,81,70.0,70.0,115.71,0,40
2025_full,1022500239,GSV,1611661331,62,18,12,9,90,71.0,71.0,126.76,0,40
2025_full,1022500238,WAS,1611661322,59,18,19,3,82,81.0,81.0,101.23,0,40
2025_full,1022500238,SEA,1611661328,74,13,11,10,84,81.0,81.0,103.7,0,40
2025_full,1022500240,MIN,1611661324,63,14,14,7,97,74.0,74.0,131.08,0,40
2025_full,1022500240,IND,1611661325,65,17,12,9,84,72.0,72.0,116.67,0,40
2025_full,1022500241,NYL,1611661313,58,19,14,6,81,75.0,75.0,108.0,0,40
2025_full,1022500241,CON,1611661323,71,14,12,12,79,75.0,75.0,105.33,0,40
2025_full,1022500242,CHI,1611661329,65,23,18,10,74,78.0,78.0,94.87,0,40
2025_full,1022500242,LVA,1611661319,67,10,12,4,79,77.0,77.0,102.6,0,40
2025_full,1022500244,LAS,1611661320,65,17,16,5,84,81.0,81.0,103.7,0,40
2025_full,1022500244,PHX,1611661317,69,18,13,7,92,79.0,79.0,116.46,0,40
2025_full,1022500243,IND,1611661325,71,20,11,12,95,77.0,77.0,123.38,0,40
2025_full,1022500243,SEA,1611661328,61,15,13,3,75,76.0,76.0,98.68,0,40
2025_full,1022500246,DAL,1611661321,75,17,13,6,95,88.0,88.0,107.95,0,40
2025_full,1022500246,CON,1611661323,69,29,12,4,101,89.0,89.0,113.48,0,40
2025_full,1022500245,ATL,1611661330,75,13,9,13,75,75.0,75.0,100.0,0,40
2025_full,1022500245,LVA,1611661319,67,11,7,5,81,74.0,74.0,109.46,0,40
2025_full,1022500247,NYL,1611661313,56,28,7,7,89,69.0,69.0,128.99,0,40
2025_full,1022500247,WAS,1611661322,65,6,10,6,63,70.0,70.0,90.0,0,40
2025_full,1022500249,PHX,1611661317,71,22,9,14,83,73.0,73.0,113.7,0,40
2025_full,1022500249,CHI,1611661329,65,14,20,12,79,73.0,73.0,108.22,0,40
2025_full,1022500248,MIN,1611661324,68,14,14,8,79,76.0,76.0,103.95,0,40
2025_full,1022500248,SEA,1611661328,70,20,9,9,93,78.0,78.0,119.23,0,40
2025_full,1022500251,LAS,1611661320,56,16,22,3,75,81.0,81.0,92.59,0,40
2025_full,1022500251,IND,1611661325,81,10,15,15,76,83.0,83.0,91.57,0,40
2025_full,1022500250,ATL,1611661330,69,12,9,7,100,75.0,75.0,133.33,0,40
2025_full,1022500250,DAL,1611661321,73,9,11,5,78,75.0,75.0,104.0,0,40
2025_full,1022500255,PHX,1611661317,63,14,12,9,80,68.0,68.0,117.65,0,40
2025_full,1022500255,NYL,1611661313,54,11,16,5,63,68.0,68.0,92.65,0,40
2025_full,1022500252,CON,1611661323,69,21,15,18,70,72.0,72.0,97.22,0,40
2025_full,1022500252,MIN,1611661324,66,16,7,11,94,69.0,69.0,136.23,0,40
2025_full,1022500254,SEA,1611661328,65,18,13,8,79,76.0,76.0,103.95,0,40
2025_full,1022500254,CHI,1611661329,61,25,19,13,69,76.0,76.0,90.79,0,40
2025_full,1022500253,GSV,1611661331,60,24,11,1,99,76.0,76.0,130.26,0,40
2025_full,1022500253,WAS,1611661322,64,12,12,3,62,76.0,76.0,81.58,0,40
2025_full,1022500256,LAS,1611661320,70,18,13,6,81,82.0,82.0,98.78,0,40
2025_full,1022500256,WAS,1611661322,72,18,11,9,78,82.0,82.0,95.12,0,40
2025_full,1022500257,GSV,1611661331,55,9,19,4,75,67.0,67.0,111.94,0,40
2025_full,1022500257,IND,1611661325,63,18,14,11,63,68.0,68.0,92.65,0,40
2025_full,1022500258,CON,1611661323,62,14,11,5,76,70.0,70.0,108.57,0,40
2025_full,1022500258,ATL,1611661330,69,24,6,13,93,69.0,69.0,134.78,0,40
2025_full,1022500259,MIN,1611661324,65,11,13,6,96,76.0,76.0,126.32,0,40
2025_full,1022500259,DAL,1611661321,67,23,13,10,71,77.0,77.0,92.21,0,40
2025_full,1022500260,SEA,1611661328,73,15,14,7,85,74.0,74.0,114.86,0,40
2025_full,1022500260,LAS,1611661320,67,19,18,8,91,74.0,74.0,122.97,0,40
2025_full,1022500262,PHX,1611661317,66,23,9,6,85,78.0,78.0,108.97,0,40
2025_full,1022500262,IND,1611661325,75,8,12,12,77,76.0,76.0,101.32,0,40
2025_full,1022500261,GSV,1611661331,59,20,13,9,66,70.0,70.0,94.29,0,40
2025_full,1022500261,NYL,1611661313,57,19,13,6,58,70.0,70.0,82.86,0,40
2025_full,1022500264,CHI,1611661329,65,24,10,13,88,68.0,68.0,129.41,0,40
2025_full,1022500264,CON,1611661323,65,12,16,12,64,70.0,70.0,91.43,0,40
2025_full,1022500263,ATL,1611661330,79,8,10,12,86,77.0,77.0,111.69,0,40
2025_full,1022500263,LAS,1611661320,69,20,11,9,75,77.0,77.0,97.4,0,40
2025_full,1022500267,LVA,1611661319,69,11,11,5,97,79.0,79.0,122.78,0,40
2025_full,1022500267,MIN,1611661324,67,11,12,5,87,77.0,77.0,112.99,0,40
2025_full,1022500265,WAS,1611661322,73,14,8,8,69,73.0,73.0,94.52,0,40
2025_full,1022500265,PHX,1611661317,67,9,10,7,75,73.0,73.0,102.74,0,40
2025_full,1022500266,GSV,1611661331,65,23,15,10,84,75.0,75.0,112.0,0,40
2025_full,1022500266,DAL,1611661321,71,20,9,8,80,77.0,77.0,103.9,0,40
2025_full,1022500269,IND,1611661325,73,19,9,8,97,80.0,80.0,121.25,0,40
2025_full,1022500269,CHI,1611661329,48,33,23,7,77,79.0,79.0,97.47,0,40
2025_full,1022500270,SEA,1611661328,68,15,9,6,76,76.0,76.0,100.0,0,40
2025_full,1022500270,NYL,1611661313,55,23,13,5,84,73.0,73.0,115.07,0,40
2025_full,1022500268,ATL,1611661330,77,12,9,13,104,77.0,77.0,135.06,0,40
2025_full,1022500268,LAS,1611661320,63,25,8,7,85,76.0,76.0,111.84,0,40
2025_full,1022500271,CON,1611661323,63,34,14,6,87,82.0,82.0,106.1,0,40
2025_full,1022500271,PHX,1611661317,71,21,12,9,84,80.0,80.0,105.0,0,40
2025_full,1022500272,GSV,1611661331,70,12,12,9,72,73.0,73.0,98.63,0,40
2025_full,1022500272,MIN,1611661324,68,16,10,8,78,73.0,73.0,106.85,0,40
2025_full,1022500275,LVA,1611661319,70,7,10,6,80,73.0,73.0,109.59,0,40
2025_full,1022500275,CHI,1611661329,67,7,17,12,66,73.0,73.0,90.41,0,40
2025_full,1022500274,LAS,1611661320,84,20,7,10,91,84.0,84.0,108.33,0,40
2025_full,1022500274,DAL,1611661321,72,17,15,10,77,84.0,84.0,91.67,0,40
2025_full,1022500273,WAS,1611661322,57,15,21,8,60,74.0,74.0,81.08,0,40
2025_full,1022500273,IND,1611661325,70,19,6,8,90,74.0,74.0,121.62,0,40
2025_full,1022500276,ATL,1611661330,74,10,9,5,87,77.0,77.0,112.99,0,40
2025_full,1022500276,CON,1611661323,66,11,14,6,62,79.0,79.0,78.48,0,40
2025_full,1022500277,NYL,1611661313,64,16,11,5,75,72.0,72.0,104.17,0,40
2025_full,1022500277,WAS,1611661322,62,13,8,2,66,72.0,72.0,91.67,0,40
2025_full,1022500280,PHX,1611661317,72,17,12,11,83,78.0,78.0,106.41,0,40
2025_full,1022500280,LAS,1611661320,69,25,9,9,88,77.0,77.0,114.29,0,40
2025_full,1022500279,LVA,1611661319,62,12,7,4,92,70.0,70.0,131.43,0,40
2025_full,1022500279,CHI,1611661329,58,20,12,7,61,69.0,69.0,88.41,0,40
2025_full,1022500278,IND,1611661325,64,14,13,8,83,76.0,76.0,109.21,0,40
2025_full,1022500278,MIN,1611661324,74,9,11,13,72,76.0,76.0,94.74,0,40
2025_full,1022500281,SEA,1611661328,64,20,13,13,74,71.0,71.0,104.23,0,40
2025_full,1022500281,GSV,1611661331,65,14,9,10,73,68.0,68.0,107.35,0,40
2025_full,1022500282,CON,1611661323,73,21,10,14,72,73.0,73.0,98.63,0,40
2025_full,1022500282,ATL,1611661330,61,14,13,5,88,73.0,73.0,120.55,0,40
2025_full,1022500286,LAS,1611661320,73,10,14,5,75,82.0,82.0,91.46,0,40
2025_full,1022500286,LVA,1611661319,78,6,11,11,103,79.0,79.0,130.38,0,40
2025_full,1022500284,DAL,1611661321,84,11,9,17,97,76.0,76.0,127.63,0,40
2025_full,1022500284,PHX,1611661317,58,17,18,5,76,77.0,77.0,98.7,0,40
2025_full,1022500285,MIN,1611661324,67,9,17,14,72,73.0,73.0,98.63,0,40
2025_full,1022500285,GSV,1611661331,66,15,20,15,53,74.0,74.0,71.62,0,40
2025_full,1022500283,CHI,1611661329,64,12,11,3,86,75.0,75.0,114.67,0,40
2025_full,1022500283,NYL,1611661313,69,17,10,10,91,74.0,74.0,122.97,0,40
2026_first8,1022600001,NYL,1611661313,67,31,16,7,106,88.0,88.0,120.45,0,40
2026_first8,1022600001,CON,1611661323,83,15,16,12,75,89.0,89.0,84.27,0,40
2026_first8,1022600003,SEA,1611661328,63,27,14,13,80,74.0,74.0,108.11,0,40
2026_first8,1022600003,GSV,1611661331,74,22,9,13,91,75.0,75.0,121.33,0,40
2026_first8,1022600002,TOR,1611661332,63,35,16,9,65,80.0,80.0,81.25,0,40
2026_first8,1022600002,WAS,1611661322,64,22,18,9,68,81.0,81.0,83.95,0,40
2026_first8,1022600004,IND,1611661325,77,21,14,7,104,88.0,88.0,118.18,0,40
2026_first8,1022600004,DAL,1611661321,66,24,15,3,107,85.0,85.0,125.88,0,40
2026_first8,1022600010,MIN,1611661324,70,22,15,7,90,85.0,85.0,105.88,0,40
2026_first8,1022600010,ATL,1611661330,73,30,20,19,91,84.0,84.0,108.33,0,40
2026_first8,1022600005,LVA,1611661319,71,8,17,6,66,82.0,82.0,80.49,0,40
2026_first8,1022600005,PHX,1611661317,77,15,7,7,99,80.0,80.0,123.75,0,40
2026_first8,1022600006,PDX,1611661327,71,20,8,3,72,81.0,81.0,88.89,0,40
2026_first8,1022600006,CHI,1611661329,69,34,9,14,74,78.0,78.0,94.87,0,40
2026_first8,1022600007,CON,1611661323,73,22,16,10,82,84.0,84.0,97.62,0,40
2026_first8,1022600007,SEA,1611661328,61,33,14,7,89,86.0,86.0,103.49,0,40
2026_first8,1022600008,WAS,1611661322,80,29,13,19,93,83.0,73.78,112.05,1,45
2026_first8,1022600008,NYL,1611661313,69,28,15,8,98,84.0,74.67,116.67,1,45
2026_first8,1022600009,LAS,1611661320,78,16,19,15,78,83.0,83.0,93.98,0,40
2026_first8,1022600009,LVA,1611661319,69,17,14,6,105,83.0,83.0,126.51,0,40
2026_first8,1022600011,GSV,1611661331,67,18,9,6,95,76.0,76.0,125.0,0,40
2026_first8,1022600011,PHX,1611661317,54,19,17,4,79,74.0,74.0,106.76,0,40
2026_first8,1022600012,DAL,1611661321,73,14,8,7,72,76.0,76.0,94.74,0,40
2026_first8,1022600012,ATL,1611661330,69,17,9,11,77,75.0,75.0,102.67,0,40
2026_first8,1022600014,PDX,1611661327,68,15,13,8,98,78.0,78.0,125.64,0,40
2026_first8,1022600014,NYL,1611661313,62,18,18,8,96,77.0,77.0,124.68,0,40
2026_first8,1022600013,PHX,1611661317,71,33,11,9,84,82.0,82.0,102.44,0,40
2026_first8,1022600013,MIN,1611661324,64,24,15,9,88,80.0,80.0,110.0,0,40
2026_first8,1022600015,TOR,1611661332,69,18,12,9,86,78.0,78.0,110.26,0,40
2026_first8,1022600015,SEA,1611661328,58,17,19,3,73,80.0,80.0,91.25,0,40
2026_first8,1022600016,CON,1611661323,70,24,13,8,69,82.0,82.0,84.15,0,40
2026_first8,1022600016,LVA,1611661319,72,21,15,12,98,82.0,82.0,119.51,0,40
2026_first8,1022600017,GSV,1611661331,75,16,11,13,63,76.0,76.0,82.89,0,40
2026_first8,1022600017,CHI,1611661329,69,21,8,8,69,75.0,75.0,92.0,0,40
2026_first8,1022600018,LAS,1611661320,57,25,19,4,78,81.0,81.0,96.3,0,40
2026_first8,1022600018,IND,1611661325,63,19,16,8,87,79.0,79.0,110.13,0,40
2026_first8,1022600019,DAL,1611661321,67,22,11,9,86,75.0,75.0,114.67,0,40
2026_first8,1022600019,MIN,1611661324,58,18,16,6,90,73.0,73.0,123.29,0,40
2026_first8,1022600020,PDX,1611661327,68,20,15,7,82,84.0,84.0,97.62,0,40
2026_first8,1022600020,NYL,1611661313,67,20,12,4,100,83.0,83.0,120.48,0,40
2026_first8,1022600021,CON,1611661323,81,15,13,11,94,84.0,84.0,111.9,0,40
2026_first8,1022600021,LVA,1611661319,58,32,17,3,101,82.0,82.0,123.17,0,40
2026_first8,1022600023,LAS,1611661320,58,20,16,2,99,77.0,77.0,128.57,0,40
2026_first8,1022600023,TOR,1611661332,70,22,13,10,95,79.0,79.0,120.25,0,40
2026_first8,1022600024,PHX,1611661317,62,41,15,10,91,82.0,82.0,110.98,0,40
2026_first8,1022600024,CHI,1611661329,68,26,11,6,83,81.0,81.0,102.47,0,40
2026_first8,1022600022,IND,1611661325,92,19,11,11,102,93.0,82.67,109.68,1,45
2026_first8,1022600022,WAS,1611661322,68,28,20,8,104,92.0,81.78,113.04,1,45
2026_first8,1022600026,ATL,1611661330,73,37,13,11,84,86.0,86.0,97.67,0,40
2026_first8,1022600026,LVA,1611661319,73,17,13,6,85,85.0,85.0,100.0,0,40
2026_first8,1022600027,IND,1611661325,67,22,17,7,89,81.0,81.0,109.88,0,40
2026_first8,1022600027,SEA,1611661328,71,27,8,3,78,83.0,83.0,93.98,0,40
