player_id,team_id,player_pace_avg,team_pace,player_residual
100720,1611661328,67.79761904761905,66.05596995612785,1.7416490914911975
100940,1611661317,62.97601918465227,62.653260596521946,0.322758588130327
200676,1611661328,70.3125,66.05596995612785,4.2565300438721465
200676,1611661330,56.9,61.324681394697826,-4.424681394697828
201480,1611661324,65.99701492537314,65.33506478371406,0.6619501416590765
201496,1611661319,66.16666666666667,66.92973842903426,-0.7630717623675878
201496,1611661329,65.92182410423453,64.82752168026579,1.0943024239687418
201507,1611661322,61.225806451612904,64.01055739455151,-2.784750942938608
201516,1611661329,65.9940119760479,64.82752168026579,1.1664902957821113
201881,1611661319,65.0,66.92973842903426,-1.9297384290342592
201881,1611661324,52.00000000000001,65.33506478371406,-13.335064783714053
201886,1611661317,58.66666666666667,62.653260596521946,-3.9865939298552746
201886,1611661323,63.33673469387755,62.559972419182046,0.776762274695507
201886,1611661325,60.33333333333333,63.39402414331998,-3.060690809986653
201896,1611661323,57.62068965517241,62.559972419182046,-4.939282764009633
201896,1611661328,67.33333333333333,66.05596995612785,1.277363377205475
201911,1611661320,62.95652173913043,64.81874704972392,-1.8622253105934945
201911,1611661322,65.54545454545455,64.01055739455151,1.534897150903035
201913,1611661317,63.92857142857143,62.653260596521946,1.2753108320494846
201913,1611661330,59.20689655172414,61.324681394697826,-2.117784842973684
201919,1611661322,60.964285714285715,64.01055739455151,-3.0462716802657965
202250,1611661317,65.75000000000001,62.653260596521946,3.096739403478068
202250,1611661322,61.074074074074076,64.01055739455151,-2.9364833204774357
202250,1611661323,60.558139534883715,62.559972419182046,-2.001832884298331
202250,1611661328,68.0,66.05596995612785,1.9440300438721465
202250,1611661330,61.30769230769231,61.324681394697826,-0.01698908700551982
202252,1611661319,68.82865168539325,66.92973842903426,1.8989132563589948
202252,1611661322,63.22033898305085,64.01055739455151,-0.7902184115006605
202252,1611661328,64.85185185185185,66.05596995612785,-1.2041181042760059
202259,1611661313,60.88888888888889,64.26527545410377,-3.3763865652148795
202259,1611661328,67.32944606413994,66.05596995612785,1.2734761080120904
202633,1611661319,68.32,66.92973842903426,1.390261570965734
202633,1611661320,61.6,64.81874704972392,-3.2187470497239232
202638,1611661325,63.5,63.39402414331998,0.10597585668001841
202641,1611661319,70.37500000000001,66.92973842903426,3.445261570965755
202641,1611661325,61.10714285714285,63.39402414331998,-2.2868812861771346
202650,1611661325,65.62962962962963,63.39402414331998,2.2356054863096517
202650,1611661328,66.25925925925925,66.05596995612785,0.20328930313139892
202658,1611661325,62.28104575163399,63.39402414331998,-1.112978391685992
202658,1611661330,64.59375,61.324681394697826,3.2690686053021736
202662,1611661320,63.875,64.81874704972392,-0.9437470497239246
202662,1611661323,57.416666666666664,62.559972419182046,-5.143305752515381
202664,1611661313,63.25732899022802,64.26527545410377,-1.0079464638757543
202664,1611661329,67.03899082568807,64.82752168026579,2.211469145422285
203014,1611661320,61.798969072164944,64.81874704972392,-3.019777977558981
203014,1611661328,66.44988864142539,66.05596995612785,0.3939186852975354
203015,1611661330,59.476190476190474,61.324681394697826,-1.848490918507352
203024,1611661324,65.27142857142857,65.33506478371406,-0.06363621228548766
203024,1611661325,63.082317073170735,63.39402414331998,-0.3117070701492466
203026,1611661319,69.3030303030303,66.92973842903426,2.3732918739960382
203026,1611661323,66.875,62.559972419182046,4.315027580817954
203026,1611661330,60.7485380116959,61.324681394697826,-0.5761433830019271
203026,1611661331,62.07692307692308,63.87285027408577,-1.7959271971626904
203029,1611661319,67.75174825174825,66.92973842903426,0.8220098227139943
203035,1611661317,61.10826771653544,62.653260596521946,-1.5449928799865091
203035,1611661320,63.50000000000001,64.81874704972392,-1.3187470497239175
203035,1611661325,56.77777777777778,63.39402414331998,-6.616246365542203
203389,1611661317,59.00000000000001,62.653260596521946,-3.653260596521939
203389,1611661324,60.5,65.33506478371406,-4.83506478371406
203389,1611661328,69.33333333333334,66.05596995612785,3.2773633772054893
203389,1611661330,55.0,61.324681394697826,-6.324681394697826
203398,1611661317,63.468481375358174,62.653260596521946,0.8152207788362276
203398,1611661330,57.92307692307692,61.324681394697826,-3.4016044716209066
203399,1611661322,64.75644699140402,64.01055739455151,0.745889596852507
203400,1611661317,61.24411764705883,62.653260596521946,-1.4091429494631171
203400,1611661328,66.5698689956332,66.05596995612785,0.5138990395053469
203403,1611661322,66.38427947598252,64.01055739455151,2.373722081431012
203403,1611661330,58.75,61.324681394697826,-2.5746813946978264
203406,1611661313,68.0,64.26527545410377,3.7347245458962277
203406,1611661320,63.88059701492537,64.81874704972392,-0.9381500347985536
203406,1611661324,65.19047619047619,65.33506478371406,-0.1445885932378701
203416,1611661313,64.41176470588236,64.26527545410377,0.14648925177858985
203416,1611661329,64.50000000000001,64.82752168026579,-0.3275216802657752
203822,1611661313,68.125,64.26527545410377,3.8597245458962277
203822,1611661329,64.7008547008547,64.82752168026579,-0.12666697941108396
203823,1611661320,60.97785977859778,64.81874704972392,-3.8408872711261424
203824,1611661320,67.83673469387755,64.81874704972392,3.017987644153621
203824,1611661321,61.63758389261746,63.317823404403725,-1.6802395117862687
203824,1611661323,70.39999999999999,62.559972419182046,7.840027580817946
203824,1611661324,56.00000000000001,65.33506478371406,-9.335064783714053
203824,1611661325,59.583333333333336,63.39402414331998,-3.810690809986646
203824,1611661330,59.1,61.324681394697826,-2.224681394697825
203825,1611661324,65.92307692307692,65.33506478371406,0.5880121393628599
203826,1611661317,61.69230769230769,62.653260596521946,-0.9609529042142526
203826,1611661323,63.95348837209303,62.559972419182046,1.393515952910981
203827,1611661313,57.79272727272727,64.26527545410377,-6.472548181376503
203827,1611661321,62.25429553264605,63.317823404403725,-1.0635278717576782
203827,1611661325,61.295454545454554,63.39402414331998,-2.0985695978654277
203828,1611661313,59.76041666666667,64.26527545410377,-4.504858787437101
203828,1611661322,63.19426048565121,64.01055739455151,-0.8162969089002985
203828,1611661329,67.33333333333333,64.82752168026579,2.505811653067539
203829,1611661317,62.833333333333336,62.653260596521946,0.1800727368113897
203829,1611661323,60.21518987341772,62.559972419182046,-2.3447825457643248
203829,1611661325,56.125,63.39402414331998,-7.269024143319982
203831,1611661324,65.12658227848101,65.33506478371406,-0.20848250523305012
203833,1611661319,67.84475806451611,66.92973842903426,0.9150196354818547
203838,1611661323,61.35294117647059,62.559972419182046,-1.2070312427114587
203838,1611661329,65.89473684210526,64.82752168026579,1.0672151618394707
203849,1611661319,68.36666666666666,66.92973842903426,1.4369282376324009
203849,1611661322,61.645161290322584,64.01055739455151,-2.365396104228928
203855,1611661313,66.89473684210526,64.26527545410377,2.629461388001488
203855,1611661320,66.97297297297297,64.81874704972392,2.1542259232490437
203855,1611661328,67.21468926553673,66.05596995612785,1.1587193094088803
203855,1611661331,67.73333333333333,63.87285027408577,3.8604830592475636
203863,1611661323,58.58064516129033,62.559972419182046,-3.9793272578917183
203866,1611661313,63.2247191011236,64.26527545410377,-1.0405563529801753
203866,1611661321,62.493261455525605,63.317823404403725,-0.8245619488781202
203866,1611661331,69.31818181818183,63.87285027408577,5.445331544096057
204296,1611661313,60.90181818181818,64.26527545410377,-3.3634572722855935
204296,1611661317,66.05555555555556,62.653260596521946,3.402294959033611
204296,1611661323,66.875,62.559972419182046,4.315027580817954
204296,1611661329,64.81818181818181,64.82752168026579,-0.009339862083976413
204297,1611661319,70.24137931034483,66.92973842903426,3.3116408813105664
204319,1611661319,66.0,66.92973842903426,-0.9297384290342592
204319,1611661328,67.09665071770335,66.05596995612785,1.0406807615755014
204320,1611661320,63.733333333333334,64.81874704972392,-1.0854137163905904
204320,1611661322,68.18181818181817,64.01055739455151,4.171260787266661
204320,1611661325,63.09090909090909,63.39402414331998,-0.3031150524108881
204322,1611661322,63.599999999999994,64.01055739455151,-0.4105573945515175
204322,1611661329,64.90280777537798,64.82752168026579,0.07528609511219031
204322,1611661330,58.84375,61.324681394697826,-2.4809313946978264
204323,1611661319,68.0,66.92973842903426,1.0702615709657408
204323,1611661330,62.16844602609728,61.324681394697826,0.843764631399452
204324,1611661319,68.56733524355302,66.92973842903426,1.6375968145187585
204324,1611661320,65.72596153846155,64.81874704972392,0.9072144887376226
204325,1611661319,72.00000000000001,66.92973842903426,5.070261570965755
204325,1611661330,58.5,61.324681394697826,-2.8246813946978264
204327,1611661329,52.0,64.82752168026579,-12.82752168026579
204329,1611661313,72.44444444444444,64.26527545410377,8.17916899034067
204329,1611661319,67.85734364019676,66.92973842903426,0.9276052111625006
204330,1611661313,67.0625,64.26527545410377,2.7972245458962277
204330,1611661321,63.16857142857143,63.317823404403725,-0.14925197583229277
204330,1611661329,66.11111111111111,64.82752168026579,1.2835894308453248
204332,1611661317,54.25,62.653260596521946,-8.403260596521946
204332,1611661324,80.0,65.33506478371406,14.66493521628594
204332,1611661328,66.83333333333333,66.05596995612785,0.7773633772054751
204333,1611661313,68.0,64.26527545410377,3.7347245458962277
204333,1611661317,66.65789473684211,62.653260596521946,4.004634140320164
204333,1611661322,65.15590551181101,64.01055739455151,1.145348117259502
204334,1611661313,64.66666666666667,64.26527545410377,0.4013912125628991
204334,1611661317,54.49999999999999,62.653260596521946,-8.153260596521953
204334,1611661328,65.39999999999999,66.05596995612785,-0.655969956127862
204335,1611661313,63.92183622828784,64.26527545410377,-0.3434392258159349
204355,1611661330,59.666666666666664,61.324681394697826,-1.6580147280311621
204365,1611661320,63.25,64.81874704972392,-1.5687470497239246
204365,1611661325,64.75774647887324,63.39402414331998,1.3637223355532626
204365,1611661328,65.36363636363636,66.05596995612785,-0.6923335924914937
204365,1611661330,59.900000000000006,61.324681394697826,-1.4246813946978207
1627643,1611661322,71.60000000000001,64.01055739455151,7.589442605448497
1627668,1611661313,65.75,64.26527545410377,1.4847245458962277
1627668,1611661328,67.25872093023256,66.05596995612785,1.2027509741047027
1627669,1611661317,59.205128205128204,62.653260596521946,-3.4481323913937416
1627669,1611661321,61.622516556291394,63.317823404403725,-1.695306848112331
1627669,1611661323,59.333333333333336,62.559972419182046,-3.22663908584871
1627669,1611661324,65.76666666666667,65.33506478371406,0.4316018829526058
1627669,1611661329,66.57142857142857,64.82752168026579,1.74390689116278
1627671,1611661323,61.523809523809526,62.559972419182046,-1.0361628953725202
1627671,1611661324,64.36560934891486,65.33506478371406,-0.969455434799201
1627671,1611661329,65.26744186046511,64.82752168026579,0.4399201801993229
1627672,1611661324,65.15454545454546,65.33506478371406,-0.1805193291686038
1627672,1611661325,56.00000000000001,63.39402414331998,-7.3940241433199745
1627672,1611661330,58.529411764705884,61.324681394697826,-2.7952696299919424
1627672,1611661331,69.0,63.87285027408577,5.127149725914229
1627673,1611661313,64.42830540037244,64.26527545410377,0.16302994626866507
1627673,1611661323,59.56756756756757,62.559972419182046,-2.9924048516144737
1627674,1611661317,62.56940509915014,62.653260596521946,-0.08385549737180753
1627674,1611661329,64.64769230769231,64.82752168026579,-0.17982937257347942
1627675,1611661323,62.294117647058826,62.559972419182046,-0.2658547721232196
1627675,1611661324,67.11206896551724,65.33506478371406,1.7770041818031785
1627675,1611661329,63.625,64.82752168026579,-1.2025216802657894
1627675,1611661330,58.84375,61.324681394697826,-2.4809313946978264
1627676,1611661319,67.25,66.92973842903426,0.3202615709657408
1627676,1611661323,60.833333333333336,62.559972419182046,-1.72663908584871
1627676,1611661324,63.33333333333333,65.33506478371406,-2.0017314503807313
1627676,1611661325,62.18313953488372,63.39402414331998,-1.2108846084362597
1627676,1611661328,65.08695652173913,66.05596995612785,-0.969013434388728
1627678,1611661319,62.0,66.92973842903426,-4.929738429034259
1627678,1611661320,66.82352941176471,64.81874704972392,2.0047823620407854
1627687,1611661322,57.5,64.01055739455151,-6.510557394551512
1627700,1611661320,66.61764705882354,64.81874704972392,1.7989000090996115
1627700,1611661329,62.279999999999994,64.82752168026579,-2.5475216802657954
1627701,1611661325,66.18181818181819,63.39402414331998,2.7877940384982054
1627701,1611661331,63.23076923076923,63.87285027408577,-0.6420810433165371
1628242,1611661317,86.0,62.653260596521946,23.346739403478054
1628242,1611661319,56.833333333333336,66.92973842903426,-10.096405095700923
1628242,1611661320,64.95,64.81874704972392,0.1312529502760782
1628242,1611661323,63.4,62.559972419182046,0.8400275808179529
1628242,1611661325,61.729665071770334,63.39402414331998,-1.6643590715496472
1628244,1611661313,60.77118644067797,64.26527545410377,-3.4940890134258
1628244,1611661317,62.04651162790697,62.653260596521946,-0.6067489686149727
1628244,1611661328,67.31944444444444,66.05596995612785,1.2634744883165894
1628263,1611661323,60.10344827586207,62.559972419182046,-2.4565241433199745
1628263,1611661324,62.30935251798561,65.33506478371406,-3.025712265728451
1628263,1611661325,64.2258064516129,63.39402414331998,0.8317823082929152
1628263,1611661329,66.0,64.82752168026579,1.1724783197342106
1628268,1611661317,50.0,62.653260596521946,-12.653260596521946
1628268,1611661319,72.0,66.92973842903426,5.070261570965741
1628268,1611661325,63.0,63.39402414331998,-0.3940241433199816
1628269,1611661320,63.25,64.81874704972392,-1.5687470497239246
1628269,1611661330,60.670926517571885,61.324681394697826,-0.6537548771259409
1628273,1611661317,61.33333333333334,62.653260596521946,-1.3199272631886032
1628273,1611661328,64.0,66.05596995612785,-2.0559699561278535
1628273,1611661329,63.0,64.82752168026579,-1.8275216802657894
1628276,1611661319,68.94026974951831,66.92973842903426,2.0105313204840485
1628276,1611661320,66.11627906976744,64.81874704972392,1.2975320200435192
1628277,1611661321,62.346749226006196,63.317823404403725,-0.9710741783975294
1628277,1611661330,60.455000000000005,61.324681394697826,-0.869681394697821
1628278,1611661322,65.26435643564356,64.01055739455151,1.2537990410920514
1628278,1611661323,69.0,62.559972419182046,6.440027580817954
1628278,1611661330,58.24242424242424,61.324681394697826,-3.082257152273584
1628279,1611661320,63.2840909090909,64.81874704972392,-1.5346561406330252
1628279,1611661322,64.9375,64.01055739455151,0.9269426054484882
1628279,1611661328,62.71428571428571,66.05596995612785,-3.3416842418421453
1628280,1611661323,62.592045454545456,62.559972419182046,0.03207303536341044
1628280,1611661330,57.5,61.324681394697826,-3.8246813946978264
1628282,1611661322,60.57692307692308,64.01055739455151,-3.4336343176284316
1628286,1611661322,62.21739130434783,64.01055739455151,-1.793166090203684
1628287,1611661317,61.7875,62.653260596521946,-0.8657605965219446
1628297,1611661317,71.0,62.653260596521946,8.346739403478054
1628304,1611661323,59.66666666666667,62.559972419182046,-2.8933057525153743
1628304,1611661324,66.0,65.33506478371406,0.6649352162859401
1628317,1611661317,34.0,62.653260596521946,-28.653260596521946
1628317,1611661320,63.760869565217384,64.81874704972392,-1.057877484506541
1628317,1611661322,63.62068965517241,64.01055739455151,-0.389867739379099
1628317,1611661324,61.4375,65.33506478371406,-3.89756478371406
1628317,1611661328,61.333333333333336,66.05596995612785,-4.722636622794518
1628508,1611661324,69.9,65.33506478371406,4.564935216285946
1628508,1611661331,61.42105263157895,63.87285027408577,-2.4517976425068184
1628878,1611661322,64.23828920570264,64.01055739455151,0.22773181115113061
1628878,1611661329,65.26470588235294,64.82752168026579,0.4371842020871526
1628881,1611661317,66.76923076923077,62.653260596521946,4.115970172708828
1628881,1611661321,60.083333333333336,63.317823404403725,-3.2344900710703897
1628881,1611661330,61.64489112227806,61.324681394697826,0.32020972758023447
1628881,1611661331,67.32,63.87285027408577,3.4471497259142225
1628882,1611661320,63.51739130434783,64.81874704972392,-1.3013557453760924
1628882,1611661328,67.56521739130436,66.05596995612785,1.5092474351765048
1628882,1611661329,70.25,64.82752168026579,5.422478319734211
1628886,1611661320,62.75,64.81874704972392,-2.0687470497239246
1628886,1611661328,68.55172413793103,66.05596995612785,2.4957541818031785
1628886,1611661330,59.92164179104477,61.324681394697826,-1.4030396036530561
1628890,1611661317,59.766666666666666,62.653260596521946,-2.8865939298552803
1628890,1611661329,65.88541666666667,64.82752168026579,1.057894986400882
1628897,1611661322,71.6923076923077,64.01055739455151,7.681750297756182
1628897,1611661324,70.0,65.33506478371406,4.66493521628594
1628899,1611661321,63.92499999999999,63.317823404403725,0.6071765955962647
1628899,1611661322,64.22156398104265,64.01055739455151,0.21100658649113768
1628899,1611661324,68.0,65.33506478371406,2.66493521628594
1628909,1611661325,63.12609786700125,63.39402414331998,-0.26792627631873245
1628915,1611661317,62.71875,62.653260596521946,0.06548940347805399
1628915,1611661320,66.825,64.81874704972392,2.006252950276078
1628915,1611661328,66.25,66.05596995612785,0.1940300438721465
1628915,1611661329,64.81818181818183,64.82752168026579,-0.009339862083962203
1628917,1611661319,67.69565217391305,66.92973842903426,0.7659137448787874
1628920,1611661320,66.0,64.81874704972392,1.1812529502760754
1628920,1611661328,66.88652482269504,66.05596995612785,0.8305548665671836
1628922,1611661320,65.48214285714286,64.81874704972392,0.6633958074189366
1628922,1611661329,65.89722222222223,64.82752168026579,1.0697005419564363
1628926,1611661324,67.75757575757575,65.33506478371406,2.422510973861691
1628927,1611661325,61.98953662182362,63.39402414331998,-1.404487521496364
1628927,1611661328,70.27272727272727,66.05596995612785,4.216757316599413
1628929,1611661325,64.27106227106228,63.39402414331998,0.8770381277422956
1628929,1611661330,60.793103448275865,61.324681394697826,-0.5315779464219617
1628931,1611661328,66.29025423728814,66.05596995612785,0.234284281160285
1628932,1611661319,68.36311053984575,66.92973842903426,1.43337211081149
1628957,1611661317,60.90697674418604,62.653260596521946,-1.7462838523359068
1629476,1611661313,66.3,64.26527545410377,2.034724545896225
1629476,1611661330,64.47976878612717,61.324681394697826,3.1550873914293405
1629477,1611661313,64.06545209176788,64.26527545410377,-0.19982336233589137
1629478,1611661320,64.15625,64.81874704972392,-0.6624970497239246
1629478,1611661325,68.11111111111111,63.39402414331998,4.717086967791133
1629478,1611661328,66.25925925925925,66.05596995612785,0.20328930313139892
1629479,1611661321,62.84302325581395,63.317823404403725,-0.4748001485897788
1629479,1611661325,63.78125,63.39402414331998,0.3872258566800184
1629480,1611661317,63.481481481481474,62.653260596521946,0.8282208849595278
1629480,1611661321,62.38390092879258,63.317823404403725,-0.9339224756111477
1629480,1611661330,39.0,61.324681394697826,-22.324681394697826
1629481,1611661321,62.847262247838614,63.317823404403725,-0.4705611565651111
1629482,1611661317,62.96894409937889,62.653260596521946,0.3156835028569418
1629482,1611661325,64.13333333333333,63.39402414331998,0.7393091900133442
1629483,1611661324,65.93172356369692,65.33506478371406,0.5966587799828602
1629484,1611661317,60.12500000000001,62.653260596521946,-2.528260596521939
1629484,1611661319,67.38644067796609,66.92973842903426,0.4567022489318333
1629484,1611661322,62.0,64.01055739455151,-2.010557394551512
1629485,1611661317,66.37500000000001,62.653260596521946,3.721739403478068
1629485,1611661320,71.28571428571429,64.81874704972392,6.466967235990367
1629485,1611661321,59.0,63.317823404403725,-4.317823404403725
1629485,1611661323,58.33333333333332,62.559972419182046,-4.226639085848724
1629485,1611661329,61.6,64.82752168026579,-3.227521680265788
1629488,1611661317,60.14347826086956,62.653260596521946,-2.509782335652389
1629488,1611661325,59.43478260869565,63.39402414331998,-3.959241534624333
1629488,1611661329,65.18181818181819,64.82752168026579,0.35429650155239756
1629490,1611661317,63.83870967741935,62.653260596521946,1.1854490808974063
1629491,1611661324,64.76780185758514,65.33506478371406,-0.5672629261289188
1629492,1611661323,59.758620689655174,62.559972419182046,-2.8013517295268713
1629492,1611661330,59.84210526315789,61.324681394697826,-1.4825761315399362
1629496,1611661328,66.53149100257069,66.05596995612785,0.4755210464428359
1629497,1611661321,62.505494505494504,63.317823404403725,-0.8123288989092217
1629497,1611661323,59.98275862068966,62.559972419182046,-2.5772137984923873
1629497,1611661329,64.47826086956522,64.82752168026579,-0.3492608107005708
1629498,1611661319,67.82996207332492,66.92973842903426,0.9002236442906622
1629501,1611661317,61.666666666666664,62.653260596521946,-0.9865939298552817
1629501,1611661324,67.03355704697988,65.33506478371406,1.6984922632658197
1629501,1611661325,62.555555555555564,63.39402414331998,-0.8384685877644174
1629501,1611661329,63.86842105263158,64.82752168026579,-0.9591006276342071
1629506,1611661322,62.75,64.01055739455151,-1.2605573945515118
1629524,1611661324,65.88360450563204,65.33506478371406,0.548539721917976
1629539,1611661321,65.625,63.317823404403725,2.3071765955962746
1629546,1611661313,64.50429184549357,64.26527545410377,0.23901639138979647
1629566,1611661313,57.267857142857146,64.26527545410377,-6.997418311246626
1629567,1611661323,63.32614942528736,62.559972419182046,0.7661770061053161
1629567,1611661324,67.11206896551724,65.33506478371406,1.7770041818031785
1629568,1611661313,66.43103448275862,64.26527545410377,2.165759028654847
1629568,1611661322,62.35714285714285,64.01055739455151,-1.6534145374086648
1629568,1611661328,68.28571428571429,66.05596995612785,2.2297443295864383
1629571,1611661317,65.875,62.653260596521946,3.221739403478054
1629571,1611661321,64.0,63.317823404403725,0.6821765955962746
1629571,1611661329,65.17857142857142,64.82752168026579,0.35104974830562696
1629574,1611661320,68.28947368421052,64.81874704972392,3.4707266344865957
1629574,1611661321,61.22727272727273,63.317823404403725,-2.0905506771309987
1629574,1611661328,66.55555555555556,66.05596995612785,0.49958559942770364
1629574,1611661329,61.46666666666666,64.82752168026579,-3.360855013599128
1630043,1611661323,67.4,62.559972419182046,4.84002758081796
1630043,1611661325,54.42857142857143,63.39402414331998,-8.965452714748551
1630093,1611661321,62.96666666666667,63.317823404403725,-0.3511567377370568
1630096,1611661321,64.7,63.317823404403725,1.3821765955962775
1630096,1611661323,63.25867507886435,62.559972419182046,0.6987026596823043
1630096,1611661324,66.36363636363637,65.33506478371406,1.028571579922314
1630097,1611661321,65.0,63.317823404403725,1.6821765955962746
1630097,1611661323,59.89655172413793,62.559972419182046,-2.663420695044117
1630097,1611661328,74.0,66.05596995612785,7.9440300438721465
1630097,1611661330,52.0,61.324681394697826,-9.324681394697826
1630097,1611661331,59.70588235294118,63.87285027408577,-4.16696792114459
1630099,1611661320,63.25806451612903,64.81874704972392,-1.5606825335948926
1630100,1611661320,60.53333333333333,64.81874704972392,-4.285413716390593
1630100,1611661325,67.5,63.39402414331998,4.105975856680018
1630101,1611661313,55.333333333333336,64.26527545410377,-8.931942120770437
1630101,1611661320,67.66666666666667,64.81874704972392,2.8479196169427468
1630101,1611661321,63.371428571428574,63.317823404403725,0.0536051670248483
1630101,1611661324,65.06451612903226,65.33506478371406,-0.27054865468180367
1630101,1611661325,58.0,63.39402414331998,-5.394024143319982
1630101,1611661330,58.06666666666667,61.324681394697826,-3.2580147280311564
1630110,1611661317,45.0,62.653260596521946,-17.653260596521946
1630112,1611661321,64.03999999999999,63.317823404403725,0.7221765955962667
1630112,1611661323,64.9002849002849,62.559972419182046,2.340312481102856
1630113,1611661329,66.29453681710214,64.82752168026579,1.467015136836352
1630114,1611661317,64.62068965517241,62.653260596521946,1.9674290586504668
1630115,1611661313,68.0,64.26527545410377,3.7347245458962277
1630115,1611661319,65.60919540229885,66.92973842903426,-1.3205430267354075
1630115,1611661320,64.0,64.81874704972392,-0.8187470497239246
1630115,1611661323,61.57692307692308,62.559972419182046,-0.9830493422589655
1630115,1611661328,68.55963302752293,66.05596995612785,2.5036630713950814
1630118,1611661322,63.8,64.01055739455151,-0.21055739455151468
1630119,1611661313,66.70370370370371,64.26527545410377,2.438428249599937
1630119,1611661322,67.0,64.01055739455151,2.989442605448488
1630119,1611661323,65.0,62.559972419182046,2.4400275808179543
1630120,1611661322,54.333333333333336,64.01055739455151,-9.677224061218176
1630120,1611661323,61.12345679012346,62.559972419182046,-1.436515629058583
1630127,1611661313,67.94117647058823,64.26527545410377,3.6759010164844597
1630131,1611661313,68.86666666666666,64.26527545410377,4.601391212562888
1630134,1611661317,62.93703703703704,62.653260596521946,0.28377644051509066
1630134,1611661322,62.829351535836174,64.01055739455151,-1.1812058587153373
1630136,1611661317,63.25925925925926,62.653260596521946,0.6059986627373135
1630136,1611661330,59.5,61.324681394697826,-1.8246813946978264
1630137,1611661329,63.4,64.82752168026579,-1.4275216802657908
1630139,1611661313,61.75396825396826,64.26527545410377,-2.511307200135512
1630142,1611661313,65.49763033175356,64.26527545410377,1.232354877649783
1630143,1611661321,61.357142857142854,63.317823404403725,-1.9606805472608713
1630149,1611661317,60.230769230769226,62.653260596521946,-2.4224913657527196
1630149,1611661321,64.42479338842975,63.317823404403725,1.1069699840260228
1630150,1611661320,62.458333333333336,64.81874704972392,-2.360413716390589
1630150,1611661329,66.0909090909091,64.82752168026579,1.263387410643304
1630150,1611661330,59.72727272727273,61.324681394697826,-1.5974086674250998
1630151,1611661324,71.07142857142857,65.33506478371406,5.7363637877145095
1630154,1611661324,64.66666666666667,65.33506478371406,-0.6683981170473885
1630154,1611661330,70.0,61.324681394697826,8.675318605302174
1630385,1611661329,64.75,64.82752168026579,-0.07752168026578943
1630386,1611661321,64.7418772563177,63.317823404403725,1.4240538519139676
1630387,1611661319,68.35294117647058,66.92973842903426,1.4232027474363207
1630387,1611661330,63.05263157894737,61.324681394697826,1.7279501842495435
1630387,1611661331,58.285714285714285,63.87285027408577,-5.587135988371486
1630389,1611661319,66.0,66.92973842903426,-0.9297384290342592
1630389,1611661321,68.8,63.317823404403725,5.482176595596272
1630389,1611661329,65.21095334685599,64.82752168026579,0.383431666590198
1630435,1611661319,66.21428571428571,66.92973842903426,-0.715452714748551
1630435,1611661330,65.66666666666667,61.324681394697826,4.341985271968845
1630437,1611661325,64.33333333333333,63.39402414331998,0.939309190013347
1630438,1611661325,65.05882352941177,63.39402414331998,1.6647993860917865
1630438,1611661329,71.0,64.82752168026579,6.172478319734211
1630440,1611661321,67.22222222222223,63.317823404403725,3.904398817818503
1630441,1611661320,63.125,64.81874704972392,-1.6937470497239246
1630441,1611661328,66.16666666666666,66.05596995612785,0.1106967105388037
1630442,1611661317,63.22772277227723,62.653260596521946,0.5744621757552864
1630442,1611661329,67.0,64.82752168026579,2.1724783197342106
1630444,1611661320,62.19565217391304,64.81874704972392,-2.623094875810885
1630446,1611661313,61.145604395604394,64.26527545410377,-3.119671058499378
1630446,1611661317,59.175000000000004,62.653260596521946,-3.4782605965219417
1630446,1611661329,64.95388349514563,64.82752168026579,0.12636181487984288
1630452,1611661324,66.0,65.33506478371406,0.6649352162859401
1630452,1611661325,65.50000000000001,63.39402414331998,2.1059758566800326
1630453,1611661323,69.0,62.559972419182046,6.440027580817954
1630454,1611661321,62.595555555555556,63.317823404403725,-0.7222678488481691
1630458,1611661325,64.3076923076923,63.39402414331998,0.913668164372325
1630459,1611661313,64.92307692307693,64.26527545410377,0.6578014689731617
1630459,1611661322,61.05263157894737,64.01055739455151,-2.957925815604142
1630461,1611661317,70.0,62.653260596521946,7.346739403478054
1630461,1611661328,71.77868852459017,66.05596995612785,5.722718568462312
1630462,1611661320,65.48,64.81874704972392,0.6612529502760793
1630462,1611661325,60.300000000000004,63.39402414331998,-3.0940241433199773
1630462,1611661330,61.4068100358423,61.324681394697826,0.08212864114447171
1630471,1611661325,62.6551724137931,63.39402414331998,-0.7388517295268784
1630471,1611661330,59.109693877551024,61.324681394697826,-2.2149875171468025
1630479,1611661329,60.0,64.82752168026579,-4.827521680265789
1630957,1611661322,62.685714285714276,64.01055739455151,-1.3248431088372357
1630961,1611661329,52.0,64.82752168026579,-12.82752168026579
1630993,1611661329,66.0,64.82752168026579,1.1724783197342106
1630996,1611661320,65.84497816593887,64.81874704972392,1.0262311162149444
1631002,1611661320,56.6,64.81874704972392,-8.218747049723923
1631002,1611661323,63.25925925925926,62.559972419182046,0.6992868400772139
1631006,1611661319,68.02784810126582,66.92973842903426,1.0981096722315584
1631007,1611661321,63.86742424242424,63.317823404403725,0.5496008380205168
1631007,1611661323,64.86206896551724,62.559972419182046,2.302096546335193
1631007,1611661331,63.795454545454554,63.87285027408577,-0.0773957286312168
1631009,1611661330,60.25913621262458,61.324681394697826,-1.0655451820732438
1631013,1611661319,69.05882352941177,66.92973842903426,2.129085100377509
1631019,1611661319,65.7037037037037,66.92973842903426,-1.226034725330564
1631019,1611661321,64.83333333333333,63.317823404403725,1.5155099289296032
1631019,1611661325,64.41904761904762,63.39402414331998,1.025023475727636
1631021,1611661322,62.209090909090904,64.01055739455151,-1.8014664854606082
1631021,1611661324,73.11111111111111,65.33506478371406,7.776046327397054
1631021,1611661329,61.47058823529411,64.82752168026579,-3.3569334449716806
1631021,1611661330,74.50000000000001,61.324681394697826,13.175318605302188
1631022,1611661322,62.930817610062896,64.01055739455151,-1.0797397844886163
1631029,1611661321,64.34313725490196,63.317823404403725,1.025313850498236
1631031,1611661319,63.5,66.92973842903426,-3.429738429034259
1631031,1611661320,52.0,64.81874704972392,-12.818747049723925
1631031,1611661322,69.61904761904762,64.01055739455151,5.608490224496109
1631031,1611661323,48.0,62.559972419182046,-14.559972419182046
1631031,1611661325,60.69938650306748,63.39402414331998,-2.694637640252502
1631032,1611661313,57.5,64.26527545410377,-6.765275454103772
1631032,1611661330,62.87704918032787,61.324681394697826,1.5523677856300466
1631044,1611661330,60.84572230014026,61.324681394697826,-0.4789590945575668
1631046,1611661324,68.0,65.33506478371406,2.66493521628594
1631055,1611661313,64.10233918128655,64.26527545410377,-0.16293627281721967
1631056,1611661317,67.33333333333333,62.653260596521946,4.680072736811383
1631056,1611661320,51.66666666666667,64.81874704972392,-13.152080383057253
1631062,1611661325,63.75,63.39402414331998,0.3559758566800184
1631064,1611661325,58.0,63.39402414331998,-5.394024143319982
1631064,1611661331,66.8,63.87285027408577,2.9271497259142265
1631068,1611661317,61.76923076923077,62.653260596521946,-0.8840298272911795
1631072,1611661324,55.666666666666664,65.33506478371406,-9.668398117047396
1631073,1611661328,65.0,66.05596995612785,-1.0559699561278535
1631081,1611661322,68.0,64.01055739455151,3.989442605448488
1631083,1611661322,63.65128205128205,64.01055739455151,-0.3592753432694593
1631083,1611661324,63.27272727272727,65.33506478371406,-2.0623375109867865
1631083,1611661325,61.457142857142856,63.39402414331998,-1.936881286177126
1631086,1611661325,62.46263910969794,63.39402414331998,-0.9313850336220426
1631089,1611661317,63.5,62.653260596521946,0.846739403478054
1631089,1611661320,64.2,64.81874704972392,-0.6187470497239218
1631089,1611661325,61.527777777777786,63.39402414331998,-1.866246365542196
1631089,1611661330,60.333333333333336,61.324681394697826,-0.9913480613644907
1631090,1611661321,65.25,63.317823404403725,1.9321765955962746
1631091,1611661317,59.111111111111114,62.653260596521946,-3.5421494854108317
1631091,1611661320,68.88888888888889,64.81874704972392,4.070141839164961
1631091,1611661322,62.24999999999999,64.01055739455151,-1.760557394551519
1631091,1611661324,62.64285714285713,65.33506478371406,-2.692207640856928
1631118,1611661317,60.599999999999994,62.653260596521946,-2.0532605965219517
1631135,1611661320,64.06896551724138,64.81874704972392,-0.7497815324825439
1631135,1611661323,62.39713774597496,62.559972419182046,-0.16283467320708667
1631141,1611661322,62.98630136986302,64.01055739455151,-1.0242560246884906
1631141,1611661328,65.92857142857143,66.05596995612785,-0.1273985275564229
1631147,1611661320,61.81818181818182,64.81874704972392,-3.0005652315421045
1631263,1611661324,63.296747967479675,65.33506478371406,-2.038316816234385
1641602,1611661313,62.34782608695652,64.26527545410377,-1.917449367147249
1641602,1611661328,64.52173913043478,66.05596995612785,-1.5342308256930721
1641641,1611661323,56.16666666666667,62.559972419182046,-6.393305752515374
1641641,1611661329,64.02777777777777,64.82752168026579,-0.799743902488018
1641642,1611661322,67.45454545454545,64.01055739455151,3.4439880599939414
1641648,1611661325,63.35897435897436,63.39402414331998,-0.03504978434562389
1641649,1611661321,61.99999999999999,63.317823404403725,-1.3178234044037325
1641649,1611661324,65.48257372654156,65.33506478371406,0.14750894282749982
1641650,1611661317,63.25000000000001,62.653260596521946,0.5967394034780611
1641650,1611661321,62.25000000000001,63.317823404403725,-1.0678234044037183
1641650,1611661330,62.985422740524776,61.324681394697826,1.660741345826949
1641651,1611661328,67.19469026548673,66.05596995612785,1.1387203093588738
1641652,1611661321,64.03480278422273,63.317823404403725,0.7169793798190085
1641653,1611661317,61.285714285714285,62.653260596521946,-1.3675463108076613
1641653,1611661319,77.0,66.92973842903426,10.07026157096574
1641653,1611661321,58.666666666666664,63.317823404403725,-4.651156737737061
1641654,1611661321,63.7,63.317823404403725,0.3821765955962775
1641656,1611661330,59.104838709677416,61.324681394697826,-2.21984268502041
1641656,1611661331,61.919999999999995,63.87285027408577,-1.952850274085776
1641657,1611661324,66.28616352201259,65.33506478371406,0.9510987382985263
1641658,1611661320,69.0,64.81874704972392,4.181252950276075
1641658,1611661321,61.72222222222222,63.317823404403725,-1.595601182181504
1641658,1611661325,62.95000000000001,63.39402414331998,-0.44402414331997164
1641659,1611661330,61.74999999999999,61.324681394697826,0.4253186053021665
1641660,1611661320,65.08108108108108,64.81874704972392,0.26233403135715605
1641660,1611661328,65.84,66.05596995612785,-0.21596995612785008
1641661,1611661321,63.375,63.317823404403725,0.05717659559627464
1641665,1611661323,67.94117647058823,62.559972419182046,5.381204051406186
1641667,1611661324,75.0,65.33506478371406,9.66493521628594
1641667,1611661329,68.375,64.82752168026579,3.5474783197342106
1641670,1611661317,54.400000000000006,62.653260596521946,-8.25326059652194
1641671,1611661322,68.625,64.01055739455151,4.614442605448488
1641672,1611661324,54.4,65.33506478371406,-10.935064783714061
1641675,1611661328,67.19607843137256,66.05596995612785,1.140108475244702
1641687,1611661325,62.15068493150685,63.39402414331998,-1.2433392118131295
1641690,1611661317,59.0,62.653260596521946,-3.653260596521946
1641698,1611661323,64.66666666666667,62.559972419182046,2.1066942474846257
1641700,1611661317,62.45631067961164,62.653260596521946,-0.19694991691030594
1641700,1611661323,72.33333333333333,62.559972419182046,9.773360914151283
1642210,1611661320,65.8,64.81874704972392,0.9812529502760725
1642210,1611661322,64.5,64.01055739455151,0.48944260544848817
1642210,1611661331,73.55555555555556,63.87285027408577,9.682705281469786
1642240,1611661321,64.0909090909091,63.317823404403725,0.7730856865053681
1642240,1611661323,61.5,62.559972419182046,-1.0599724191820457
1642244,1611661317,66.71428571428571,62.653260596521946,4.061025117763762
1642244,1611661321,61.69230769230769,63.317823404403725,-1.625515712096032
1642244,1611661329,61.611111111111114,64.82752168026579,-3.216410569154675
1642286,1611661325,66.7841726618705,63.39402414331998,3.390148518550518
1642287,1611661320,68.98941798941799,64.81874704972392,4.170670939694062
1642288,1611661320,66.0911214953271,64.81874704972392,1.2723744456031767
1642289,1611661329,65.2675,64.82752168026579,0.43997831973420887
1642290,1611661322,63.08783783783784,64.01055739455151,-0.9227195567136732
1642290,1611661323,59.733333333333334,62.559972419182046,-2.8266390858487114
1642291,1611661329,66.28285714285714,64.82752168026579,1.45533546259135
1642292,1611661321,61.9,63.317823404403725,-1.4178234044037268
1642292,1611661322,58.0,64.01055739455151,-6.010557394551512
1642292,1611661323,59.42857142857142,62.559972419182046,-3.131400990610622
1642293,1611661320,65.66666666666667,64.81874704972392,0.8479196169427468
1642293,1611661324,68.31617647058823,65.33506478371406,2.981111686874172
1642294,1611661317,51.0,62.653260596521946,-11.653260596521946
1642295,1611661319,67.81818181818183,66.92973842903426,0.888443389147568
1642298,1611661317,63.93333333333333,62.653260596521946,1.280072736811384
1642298,1611661323,62.0,62.559972419182046,-0.5599724191820457
1642298,1611661325,51.0,63.39402414331998,-12.394024143319982
1642299,1611661328,67.11111111111111,66.05596995612785,1.0551411549832608
1642300,1611661319,38.0,66.92973842903426,-28.92973842903426
1642301,1611661313,66.66666666666667,64.26527545410377,2.401391212562899
1642301,1611661329,70.5,64.82752168026579,5.672478319734211
1642303,1611661323,60.279999999999994,62.559972419182046,-2.2799724191820516
1642304,1611661331,63.97222222222223,63.87285027408577,0.09937194813645789
1642305,1611661319,81.5,66.92973842903426,14.57026157096574
1642307,1611661328,70.5,66.05596995612785,4.4440300438721465
1642309,1611661322,67.0,64.01055739455151,2.989442605448488
1642320,1611661313,68.37614678899082,64.26527545410377,4.110871334887051
1642320,1611661324,68.2,65.33506478371406,2.864935216285943
1642324,1611661319,71.06666666666666,66.92973842903426,4.136928237632404
1642324,1611661331,63.199999999999996,63.87285027408577,-0.6728502740857749
1642344,1611661324,71.0,65.33506478371406,5.66493521628594
1642534,1611661330,48.0,61.324681394697826,-13.324681394697826
1642763,1611661324,54.333333333333336,65.33506478371406,-11.001731450380724
1642767,1611661331,62.50000000000001,63.87285027408577,-1.3728502740857635
1642768,1611661331,75.33333333333334,63.87285027408577,11.460483059247572
1642773,1611661323,58.66666666666667,62.559972419182046,-3.8933057525153743
1642774,1611661317,62.583333333333336,62.653260596521946,-0.06992726318861031
1642777,1611661317,61.36585365853659,62.653260596521946,-1.2874069379853594
1642782,1611661320,65.625,64.81874704972392,0.8062529502760754
1642784,1611661321,62.91666666666667,63.317823404403725,-0.40115673773705396
1642785,1611661322,62.27272727272727,64.01055739455151,-1.7378301218242385
1642788,1611661331,61.333333333333336,63.87285027408577,-2.539516940752435
1642790,1611661320,64.08333333333334,64.81874704972392,-0.7354137163905818
1642792,1611661322,62.27272727272727,64.01055739455151,-1.7378301218242385
1642793,1611661321,62.891891891891895,63.317823404403725,-0.4259315125118306
1642796,1611661323,61.45454545454545,62.559972419182046,-1.1054269646365924
1642797,1611661324,69.0,65.33506478371406,3.66493521628594
1642798,1611661328,65.14285714285714,66.05596995612785,-0.9131128132707147
1642799,1611661317,49.0,62.653260596521946,-13.653260596521946
1642800,1611661323,59.65853658536585,62.559972419182046,-2.901435833816194
1642801,1611661319,65.9047619047619,66.92973842903426,-1.0249765242723612
1642802,1611661322,62.15,64.01055739455151,-1.8605573945515133
1642804,1611661330,58.116279069767444,61.324681394697826,-3.2084023249303826
1642808,1611661321,62.794117647058826,63.317823404403725,-0.5237057573448993
1642809,1611661323,59.904761904761905,62.559972419182046,-2.6552105144201406
1642810,1611661322,64.33333333333334,64.01055739455151,0.322775938781831
1642813,1611661321,65.33333333333334,63.317823404403725,2.0155099289296174
1642814,1611661330,54.0,61.324681394697826,-7.324681394697826
1642815,1611661325,64.65217391304348,63.39402414331998,1.2581497697235022
1642817,1611661329,65.66666666666667,64.82752168026579,0.839144986400882
1642818,1611661329,64.56,64.82752168026579,-0.26752168026578715
1642820,1611661320,66.5,64.81874704972392,1.6812529502760754
1642820,1611661321,65.0,63.317823404403725,1.6821765955962746
1642822,1611661331,61.111111111111114,63.87285027408577,-2.7617391629746564
1642828,1611661321,74.0,63.317823404403725,10.682176595596275
1642841,1611661323,59.0625,62.559972419182046,-3.4974724191820457
