player_id,player_name,team_abbr,minutes,minutes_per_game,orapm,drapm,net_rapm_reconstructed,oec,dec,ec
1628276,Kelsey Plum,LAS,64845.935000000005,1508.045,0.433,-0.851,1.4124861269186035,3.1,-2.1,1.0
1642785,Sonia Citron,WAS,62242.32666666667,1414.5983333333334,0.675,0.658,1.0350568075783548,-0.1,-0.4,-0.6
1628931,Gabby Williams,SEA,61203.92666666666,1390.9983333333332,0.063,0.878,1.0671422987188168,0.9,1.2,2.0
1628277,Allisha Gray,ATL,60925.06,1450.5966666666666,2.326,0.024,2.021973357548439,3.5,-1.3,2.2
1628909,Kelsey Mitchell,IND,60757.62,1380.855,2.543,0.538,0.9033481533138392,2.9,-1.7,1.2
204324,Dearica Hamby,LAS,60468.32,1374.28,3.404,-0.934,0.4092103457248035,2.4,-0.8,1.6
203833,Chelsea Gray,LVA,60206.52,1368.33,2.01,-0.689,2.2317767602516394,2.8,-0.1,2.6
203014,Nneka Ogwumike,SEA,59776.420000000006,1358.555,-1.523,2.489,1.6279401729894252,1.6,0.1,1.7
1629498,Jackie Young,LVA,58803.94666666667,1336.4533333333334,2.246,1.613,2.081474241627081,2.3,0.4,2.7
1641648,Aliyah Boston,IND,58379.27333333334,1326.8016666666667,1.729,0.985,1.66515735585517,2.8,-1.4,1.4
203400,Skylar Diggins,SEA,57740.97333333333,1342.8133333333333,5.083,0.424,2.4961161803169647,1.6,0.3,1.9
1631007,Veronica Burton,GSV,56866.333333333336,1292.4166666666667,3.462,2.586,3.313942990582633,2.0,1.2,3.1
1627675,Courtney Williams,MIN,55447.333333333336,1260.1666666666667,0.2,1.28,0.5904966520629592,2.4,1.7,4.1
1628922,Azurá Stevens,LAS,54968.90666666666,1249.2933333333333,0.453,-4.277,-2.070441958834641,1.3,-2.2,-0.9
204319,Jewell Loyd,LVA,54783.96,1245.09,0.548,0.433,1.5334104152012853,0.6,-0.4,0.3
1629524,Bridget Carleton,MIN,54003.76666666667,1227.3583333333331,0.108,2.249,1.6298499406286764,0.9,1.0,1.9
1629496,Ezi Magbegor,SEA,52914.98666666666,1202.6133333333332,2.413,-0.231,-0.0913132340877766,0.2,1.1,1.3
202250,Tina Charles,CON,52558.255000000005,1222.285,1.589,-6.474,-1.870851529162337,-1.0,-3.6,-4.6
1631086,Lexie Hull,IND,52317.68666666667,1189.0383333333334,0.144,0.925,0.562526587867693,1.8,-1.6,0.1
1642792,Kiki Iriafen,WAS,52156.206666666665,1185.368333333333,0.365,1.087,0.7937064904510324,0.2,0.0,0.2
1628280,Brionna Jones,ATL,51428.3,1168.825,2.459,1.817,3.7295610528566288,2.5,-0.5,2.0
1628932,A'ja Wilson,LVA,49894.73333333334,1247.368333333333,4.089,2.532,3.1296827935871128,3.0,1.8,4.7
204365,Erica Wheeler,SEA,49551.846666666665,1126.1783333333333,3.494,-1.238,-1.1043669201539463,0.4,0.3,0.7
1631044,Naz Hillmon,ATL,49350.84,1121.61,0.02,1.008,0.0021098272616116,2.2,-0.8,1.3
204333,Natasha Cloud,NYL,48818.153333333335,1190.6866666666667,-0.197,1.169,0.4155914221575689,1.9,0.8,2.7
1630134,Sug Sutton,WAS,48252.73666666667,1122.1566666666668,1.825,1.652,0.8318967030760136,-0.1,-0.5,-0.6
203826,Alyssa Thomas,PHX,47603.78999999999,1220.61,1.095,0.528,1.7052138083767976,1.3,0.3,1.6
1627671,Rachel Banham,CHI,47560.846666666665,1080.9283333333333,-1.3,-2.954,-2.605195384014497,-0.2,-1.6,-1.8
203825,Kayla McBride,MIN,47558.94,1219.46,-0.005,1.36,-0.014965736104496,2.3,0.7,3.0
1629501,Alanna Smith,MIN,46774.280000000006,1113.6733333333334,2.977,-0.211,1.4845194669478332,1.8,0.5,2.3
203827,Natasha Howard,IND,46654.81333333333,1060.3366666666666,1.013,0.351,1.553741662077048,1.6,-1.5,0.1
1628279,Brittney Sykes,SEA,46543.445,1193.4216666666666,0.952,0.373,0.7803267993958096,0.3,0.0,0.3
1642809,Saniya Rivers,CON,46068.47,1096.868333333333,-3.139,-2.106,-2.3770623746124486,-1.3,-1.6,-2.9
1629477,Sabrina Ionescu,NYL,45352.93666666666,1193.4983333333332,0.506,1.22,0.5104456061152995,3.3,0.1,3.4
1642288,Rickea Jackson,LAS,44562.34666666667,1172.6933333333334,-0.94,-1.227,-2.49282602524994,0.7,-1.6,-0.9
1628244,Sami Whitcomb,PHX,44157.41666666667,1026.9166666666667,0.211,0.182,0.4243183224395438,0.8,0.4,1.2
1642289,Kamilla Cardoso,CHI,44093.2,1102.33,-0.286,-1.123,-0.7173394575660873,0.3,-1.1,-0.8
1631141,Jade Melbourne,WAS,43333.96666666667,1007.7666666666668,-4.194,-2.593,-3.0158270324641183,-0.8,-0.6,-1.4
1642784,Paige Bueckers,DAL,43164.0,1199.0,1.903,-2.183,0.2971515981764013,1.4,-0.8,0.7
1631019,NaLyssa Smith,LVA,43025.625,956.125,-0.368,-0.006,0.1402124962092536,-0.1,-0.6,-0.7
1628915,Kia Nurse,CHI,42331.22666666667,962.0733333333334,-0.641,-2.433,-3.0732465494837227,-1.0,-1.5,-2.5
1630149,Satou Sabally,PHX,40502.735,1038.5316666666668,1.775,0.987,2.264702453150575,1.1,0.5,1.6
204322,Elizabeth Williams,CHI,38974.05333333334,906.3733333333332,-2.559,1.935,0.1142975271510115,-1.0,-0.8,-1.8
1629497,Marina Mabrey,CON,38609.55,1103.13,-4.091,2.275,-0.1032842379466864,-0.2,-1.7,-2.0
1630142,Leonie Fiebich,NYL,38504.543333333335,1040.6633333333334,0.369,1.167,1.5710082096760638,1.3,0.2,1.5
1631009,Rhyne Howard,ATL,37988.115,1151.155,0.244,1.554,1.1056835245006793,2.8,-1.4,1.4
100940,Diana Taurasi,PHO,37586.34,1044.065,-0.352,1.183,0.0,,,
203403,Tianna Hawkins,WAS,36911.46666666667,922.7866666666666,0.0,0.0,0.0,,,
202632,Maya Moore,MIN,36738.75666666667,1080.5516666666667,0.0,0.0,0.0,,,
1629567,Natisha Hiedeman,MIN,36630.88,832.52,2.1,0.862,1.9274878758176317,1.3,0.2,1.6
204296,Rebecca Allen,CHI,36125.613333333335,821.0366666666666,-3.538,-0.786,-1.8882648377886837,-1.2,-0.9,-2.1
1642777,Monique Akoa Makani,PHX,36106.445,880.645,0.174,0.651,0.9311076541666516,1.2,0.5,1.7
1627701,Temi Fagbenle,GSV,36080.98,925.1533333333332,-1.429,1.567,0.259169118549863,,,
1629546,Marine Johannes,NYL,35341.753333333334,803.2216666666667,-0.445,-0.627,-0.1312244484349313,,,
1628899,Myisha Hines-Allen,DAL,35286.0,882.15,-1.306,0.565,-0.845833566868636,0.4,-0.7,-0.2
1629483,Napheesa Collier,MIN,35130.205,1064.5516666666667,4.835,2.89,3.2477522625111783,2.7,0.9,3.6
1642767,Janelle Salaun,GSV,35022.3,972.8416666666668,0.482,-1.606,-0.3713577553922863,,,
202252,Alysha Clark,WAS,34791.33,828.365,-3.811,0.647,-0.543301415107815,-1.0,-0.3,-1.3
1630389,Dana Evans,LVA,34208.386666666665,777.4633333333334,-3.005,-0.314,-1.8834264997733288,-1.0,-0.8,-1.9
1628957,Kathryn Westbeld,PHX,34056.931666666664,792.0216666666666,-1.252,1.895,-0.9657161575755348,-0.4,0.5,0.1
1641651,Jordan Horston,SEA,33978.49,871.2433333333333,-0.705,0.069,0.0,,,
1629491,Jessica Shepard,MIN,33397.066666666666,834.9266666666666,0.103,1.479,0.2661671139449444,1.1,0.2,1.3
1631022,Shakira Austin,WAS,33213.456666666665,874.0383333333333,-3.036,1.092,-0.7742067968622036,-1.0,-0.1,-1.0
1628878,Ariel Atkins,CHI,32991.10666666667,970.3266666666668,1.001,1.508,1.1937141674587406,1.3,-0.8,0.4
203829,Bria Hartley,CON,32963.79666666667,867.4683333333334,1.724,-6.036,-0.8359019201404521,-1.1,-1.8,-2.9
1627700,Julie Allemand,LAS,32752.086666666662,963.2966666666666,1.057,-0.437,0.8412664038898646,1.5,-0.6,0.9
201904,Renee Montgomery,ATL,32252.79666666667,948.6116666666668,0.0,0.0,0.0,,,
1642800,Aneesah Morrow,CON,31757.233333333337,774.5666666666667,-1.337,2.512,0.2462971485732713,-0.3,-1.4,-1.7
203398,Brittney Griner,ATL,31590.195,810.005,-0.547,0.981,1.3592185045556298,-0.0,-1.3,-1.3
1630471,Maya Caldwell,ATL,31176.4,760.4,0.778,-0.535,-0.0974398826401951,0.9,-0.8,0.1
1642804,Te-Hina Paopao,ATL,30958.35166666667,719.9616666666667,0.781,0.488,0.8369840060769407,0.8,-0.6,0.2
201516,Allie Quigley,CHI,30422.406666666662,894.7766666666666,0.0,0.0,0.0,,,
1630446,Michaela Onyenwere,CHI,29849.19,710.695,-0.739,-1.263,-1.8253801987137304,-0.8,-0.9,-1.7
1631135,Olivia Nelson-Ododa,CON,29599.198333333334,799.9783333333334,1.922,-3.45,-0.5355212915149532,-1.5,-0.2,-1.7
1642801,Aaliyah Nye,LVA,29531.55333333333,671.1716666666666,-1.758,-0.674,-1.7057896586260592,-0.7,-0.5,-1.2
1627668,Breanna Stewart,NYL,29400.4,948.4,0.845,2.269,3.17031758555735,2.1,1.3,3.5
1642324,Kate Martin,GSV,28848.05,686.8583333333333,-0.969,-0.34,-0.7458258980731485,-0.4,-0.2,-0.6
1642291,Angel Reese,CHI,28409.15,946.9716666666668,-0.265,0.417,1.7422123100566422,0.9,-1.0,-0.1
1630150,Chennedy Carter,CHI,28317.465,858.105,0.444,1.103,0.0,,,
203828,Stefanie Dolson,WAS,28082.01,653.07,-2.472,0.4,-0.6979924319329238,-0.5,-0.6,-1.2
1629568,Kennedy Burke,NYL,28057.32,779.37,0.591,0.929,1.2883657309200505,0.6,-0.0,0.6
1629481,Arike Ogunbowale,DAL,28007.716666666667,965.7833333333332,-1.709,-1.124,-1.4378529914206974,0.9,-1.4,-0.4
201506,LaToya Sanders,WAS,27319.963333333333,803.5283333333333,0.0,0.0,0.0,,,
1627673,Jonquel Jones,NYL,25720.338333333337,829.6883333333334,0.307,1.441,2.242141073224992,2.0,0.3,2.3
201886,DeWanna Bonner,PHX,25684.505,778.3183333333334,-1.386,2.491,1.2117286233095386,-0.2,-0.1,-0.3
1642793,Aziaha James,DAL,25562.6,672.7,0.317,-1.326,-0.7155426353084072,-0.1,-0.9,-0.9
100720,Sue Bird,SEA,25351.231666666667,817.7816666666666,0.0,0.0,0.0,,,
1642798,Dominique Malonga,SEA,25200.07,600.0016666666667,3.478,-4.479,-1.815491927023325,-0.8,0.4,-0.3
201480,Sylvia Fowles,MIN,24943.300000000003,831.4433333333334,0.0,0.0,0.0,,,
1629478,Katie Lou Samuelson,IND,24933.251666666667,673.8716666666667,0.518,-0.876,0.0,,,
204335,Betnijah Laney-Hamilton,NYL,23732.61333333333,847.5933333333334,2.114,-0.919,0.0,,,
1642304,Carla Leite,GSV,23573.81,637.13,-0.943,1.557,0.1982654790485092,-0.6,0.3,-0.3
1629482,Sophie Cunningham,IND,22690.0,756.3333333333334,-0.203,-1.225,-0.6580162596514555,0.4,-1.0,-0.6
201507,Leilani Mitchell,WAS,22476.756666666664,725.0566666666666,0.0,0.0,0.0,,,
202658,Danielle Robinson,ATL,22076.266666666663,689.8833333333333,0.0,0.0,0.0,,,
1628886,Jordin Canada,ATL,21924.93333333333,783.0333333333333,1.318,0.719,0.6295399822541412,1.1,-0.3,0.8
201896,Briann January,SEA,21902.34,608.3983333333333,0.0,0.0,0.0,,,
1630097,Kaila Charles,GSV,21571.43333333333,616.3266666666667,-0.622,2.34,0.8835540954396497,-0.2,-0.1,-0.4
201477,Tamera Young,LVA,21341.573333333334,627.6933333333334,0.0,0.0,0.0,,,
1642292,Jacy Sheldon,WAS,21224.95,707.4983333333333,-0.026,-6.355,-4.5483019121069415,-1.0,-1.5,-2.5
1630442,Natasha Mack,PHX,21172.083333333336,622.7083333333334,2.666,3.407,2.384153688729481,0.5,0.8,1.3
1630099,Te'a Cooper,LAS,21152.695,682.345,0.0,0.0,0.0,,,
1630096,DiJonai Carrington,MIN,21081.498333333333,680.0483333333333,-0.884,-0.95,-0.612193756465161,-0.4,-0.4,-0.7
1627674,Kahleah Copper,PHX,21062.25333333333,752.2233333333334,0.515,0.061,-0.0399308177918289,0.3,-0.3,0.0
1642802,Lucy Olsen,WAS,20819.731666666667,507.79833333333335,-0.695,-0.546,-0.0005592607249793,-0.8,-0.9,-1.7
1629490,Kitija Laksa,PHX,20663.61,626.17,-0.358,-0.969,-0.095380158927784,-0.6,-0.3,-0.9
203822,Rebekah Gardner,NYL,20585.621666666662,502.0883333333333,-0.002,1.318,0.525445030961633,0.3,0.2,0.5
204329,Kiah Stokes,LVA,20570.13333333333,514.2533333333333,-3.498,0.523,-0.7045142718198821,-1.5,-0.1,-1.5
203855,Stephanie Talbot,NYL,20539.19,540.505,-2.437,1.481,-0.8583960919790062,-0.5,-0.1,-0.6
1631083,Emily Engstler,WAS,20470.866666666665,511.77166666666665,1.775,-0.272,0.5394327326983002,-0.0,-0.3,-0.4
1628269,Nia Coffey,ATL,20018.826666666668,454.97333333333336,1.704,2.368,1.59021046747289,0.1,-0.2,-0.1
1627676,Tiffany Mitchell,SEA,19876.870000000003,509.66333333333336,-2.491,2.039,-1.2310055876010246,-1.3,-0.1,-1.3
100915,Lindsay Whalen,MIN,19741.17333333333,616.9116666666666,0.0,0.0,0.0,,,
201056,Ivory Latta,WAS,19689.91,579.115,0.0,0.0,0.0,,,
1631263,Nikolina Milic,MIN,19273.28,494.18666666666667,0.0,0.0,0.0,,,
1642290,Aaliyah Edwards,CON,19228.74,534.1316666666667,-1.724,1.8,-0.0203547159254668,-1.1,-0.4,-1.5
101030,Tanisha Wright,NYL,18996.231666666667,612.7816666666666,0.0,0.0,0.0,,,
100952,Jia Perkins,MIN,18824.44,553.66,0.0,0.0,0.0,,,
1641657,Dorka Juhasz,MIN,18601.57,547.105,-0.036,2.13,0.0,,,
203410,Alex Bentley,ATL,18400.306666666667,634.4933333333333,0.0,0.0,0.0,,,
1641642,Li Meng,WAS,18343.68,539.52,0.0,0.0,0.0,,,
1642808,JJ Quinerly,DAL,18326.68,539.02,-0.119,1.164,0.2275640857238659,-0.1,-0.6,-0.7
1641652,Maddy Siegrist,DAL,18250.266666666663,701.9333333333333,1.974,-1.419,-0.6879853523520207,1.1,-0.9,0.2
203026,Tiffany Hayes,GSV,18193.24,699.74,0.78,0.477,0.869987186311703,0.5,0.2,0.6
1630143,Luisa Geiselsoder,DAL,17581.013333333332,627.8933333333333,-0.947,-0.319,-1.1825832750313396,-0.3,-0.5,-0.8
1641649,Diamond Miller,DAL,17368.266666666666,434.20666666666665,-2.308,-1.071,-2.9949310184001825,-0.7,-0.2,-0.9
100944,Rebekkah Brunson,MIN,17283.458333333336,691.3383333333334,0.0,0.0,0.0,,,
1630131,Kylee Shook,NYL,16997.25,566.575,0.0,0.0,0.0,,,
1630957,Rui Machida,WAS,16677.899999999998,463.275,0.0,0.0,0.0,,,
203024,Damiris Dantas,IND,16665.596666666668,438.5683333333333,-1.056,-0.804,-0.6328433743530083,-0.2,-0.9,-1.2
1642303,Leila Lacan,CON,16626.166666666664,665.0466666666666,-0.285,3.848,-0.1053156229885385,,,
1641650,Haley Jones,DAL,16621.873333333333,593.6383333333333,-0.16,-1.906,-0.6526729811453156,-0.1,-0.4,-0.6
1642782,Sarah Ashlee Barker,LAS,16356.153333333334,481.0633333333333,-2.014,-1.818,-0.5011075228449895,-1.0,-0.6,-1.6
200665,Cappie Pondexter,IND,16346.55,544.885,0.0,0.0,0.0,,,
200673,Monique Currie,WAS,16269.44,508.42,0.0,0.0,0.0,,,
1629574,Li Yueru,DAL,16105.068333333333,519.5183333333333,0.569,0.271,-0.3613261853707143,-0.1,-0.5,-0.6
203824,Odyssey Sims,IND,16098.88,670.7866666666666,-1.197,-0.788,-1.6874099576723165,-0.4,-0.4,-0.9
100888,Plenette Pierson,MIN,15804.22,464.83,0.0,0.0,0.0,,,
1642210,Julie Vanloo,LAS,15714.766666666666,448.9933333333333,-4.51,-1.049,-3.8311426535832407,-1.1,-0.3,-1.4
1628282,Sydney Wiese,WAS,15619.275,578.4916666666667,0.0,0.0,0.0,,,
1628927,Victoria Vivians,SEA,15581.708333333334,445.19166666666666,0.573,0.219,0.0,,,
1628907,Brooke McCarty-Williams,DAL,15196.98,446.97,0.0,0.0,0.0,,,
1631118,Lexi Held,PHX,15057.173333333334,470.5366666666667,-2.758,0.145,-2.183120542138728,,,
1631006,Kierstan Bell,LVA,14936.6,426.76,-1.699,2.578,-0.3783910104021137,-1.0,-0.2,-1.2
1629569,Maite Cazorla,ATL,14787.31,477.01,0.0,0.0,0.0,,,
1630386,Awak Kuier,DAL,14768.735,399.155,0.0,0.0,0.0,,,
202633,Liz Cambage,LAS,14608.958333333334,584.3583333333333,0.0,0.0,0.0,,,
203866,Kayla Thornton,GSV,14573.57,662.435,0.133,0.129,0.1856031974241153,0.3,0.5,0.8
203399,Elena Delle Donne,WAS,14557.275,632.925,0.0,0.0,0.0,,,
1630101,Crystal Dangerfield,LAS,14534.74,440.44666666666666,-0.085,-0.291,0.0,,,
1628278,Shatori Walker-Kimbrough,ATL,14509.763333333332,353.89666666666665,-0.735,-0.345,-0.7719190380976594,-0.5,-0.5,-0.9
1630996,Rae Burrell,LAS,14417.106666666668,514.8966666666666,2.303,0.465,1.3100079708571424,-0.1,-0.1,-0.2
202638,Jessica Breland,IND,14142.223333333332,543.9316666666666,0.0,0.0,0.0,,,
1629476,Asia (AD) Durr,ATL,14110.679999999998,391.9633333333333,0.0,0.0,0.0,,,
1628890,Diamond DeShields,CHI,14097.706666666669,440.5533333333333,-0.369,-0.939,0.0,,,
1628263,Lindsay Allen,CON,13957.853333333333,450.2533333333333,-1.306,-1.597,0.5862791360484656,-1.3,-1.1,-2.5
204317,Ramu Tokashiki,SEA,13556.015,410.78833333333336,0.0,0.0,0.0,,,
1641690,Kadi Sissoko,PHO,13452.933333333332,336.3233333333333,0.0,0.0,0.0,,,
202662,Jasmine Thomas,LAS,13119.04,409.97,0.0,0.0,0.0,,,
1628926,Maria Kliundikova,MIN,12668.23,372.595,0.963,1.133,0.6993775371043793,-0.0,0.8,0.8
1630093,Bella Alarie,DAL,12629.813333333334,407.41333333333336,0.0,0.0,0.0,,,
203863,Haley Peters,CON,12525.7,379.56666666666666,2.617,-7.486,-0.5790628805345666,-1.2,-0.7,-1.9
203849,Theresa Plaisance,LVA,12422.991666666669,400.7416666666667,0.0,0.0,0.0,,,
201919,Shavonte Zellous,WAS,12390.56,442.52,0.0,0.0,0.0,,,
1628881,Monique Billings,GSV,12332.406666666666,474.3233333333333,-1.066,1.639,-0.8025435691666308,-0.3,0.6,0.3
201067,Camille Smith,PHO,12329.301666666666,425.1483333333333,0.0,0.0,0.0,,,
204330,Isabelle Harrison,NYL,12246.8,360.2,0.126,0.894,-0.1814506608834802,-0.4,-0.1,-0.6
202641,Sydney Colson,IND,12112.6,403.7533333333333,-2.294,1.44,-0.465728403978112,-0.8,-0.7,-1.5
200676,Candice Dupree,ATL,12035.876666666669,462.91833333333335,0.0,0.0,0.0,,,
201913,Kia Vaughn,ATL,11640.358333333334,401.39166666666665,0.0,0.0,0.0,,,
1628929,Kristy Wallace,IND,11617.883333333331,446.8416666666666,-0.757,0.118,0.0,,,
1641656,Laeticia Amihere,GSV,11150.161666666669,384.4883333333333,4.975,0.383,2.327457336908828,-0.4,0.0,-0.3
203402,Kelsey Bone,LVA,11025.653333333334,344.5516666666667,0.0,0.0,0.0,,,
1642244,Sevgi Uzun,CHI,10992.416666666666,439.69666666666666,-1.288,0.11,-1.0347124650363044,-0.6,-0.7,-1.4
202656,Jeanette Pohlen-Mavunga,IND,10844.453333333331,373.94666666666666,0.0,0.0,0.0,,,
1629480,Kalani Brown,PHX,10740.585,370.365,-0.274,0.163,-1.7520054690715767,-0.8,0.1,-0.8
1630462,Aari McDonald,IND,10508.866666666669,525.4433333333334,-0.407,-0.272,-0.4432180671049514,0.7,-0.6,0.1
1642817,Hailey Van Lith,CHI,10464.505,360.845,-2.46,-0.96,-2.017936795855321,-1.2,-0.5,-1.7
1630114,Mikiah Herbert Harrigan,PHO,10413.675,335.925,-0.385,-1.22,0.0,,,
1628248,Nayo Raincock-Ekunwe,NYL,10269.046666666669,366.75166666666667,0.0,0.0,0.0,,,
1630387,Iliana Rupert,GSV,10215.45,486.45,2.052,1.495,2.202979921543554,-0.1,-0.2,-0.3
1627677,Imani McGee-Stafford,DAL,10030.375,345.875,0.0,0.0,0.0,,,
1642818,Maddy Westbeld,CHI,9211.626666666669,354.2933333333333,0.49,0.397,0.7367197101287596,-1.1,-0.7,-1.7
100812,Erika de Souza,SAN,9130.86,338.18,0.0,0.0,0.0,,,
1630444,Jasmine Walker,LAS,8987.52,280.86,0.0,0.0,0.0,,,
202650,Jantel Lavender,SEA,8875.17,328.71,0.0,0.0,0.0,,,
204297,Cayla George,LVA,8751.733333333334,273.4916666666667,0.0,0.0,0.0,,,
204320,Amanda Zahui B,IND,8611.69,253.285,0.0,0.0,0.0,,,
1628508,Cecilia Zandalasini,GSV,8542.526666666667,449.6066666666667,0.5,0.504,-0.6021207442254927,0.2,0.0,0.2
202670,Carolyn Swords,LVA,8445.763333333332,383.8983333333333,0.0,0.0,0.0,,,
203835,Jordan Hooper,CHI,8357.253333333334,298.47333333333336,0.0,0.0,0.0,,,
1628286,Erica McCall,WAS,8184.780000000001,355.86,0.0,0.0,0.0,,,
201889,Marissa Coleman,NYL,8070.23,384.2966666666667,0.0,0.0,0.0,,,
1641658,Grace Berger,DAL,7951.120000000001,418.48,-2.506,-1.266,-1.4296281922041718,-0.2,-0.4,-0.7
203029,Riquna Williams,LVA,7923.51,377.31,0.0,0.0,0.0,,,
201492,Matee Ajavon,ATL,7825.95,252.45,0.0,0.0,0.0,,,
201496,Candace Parker,LVA,7657.17,425.3983333333333,0.0,0.0,0.0,,,
203416,Emma Meesseman,NYL,7472.86,439.58,0.616,1.343,0.9354351836434752,0.5,-0.1,0.3
203831,Natalie Achonwa,MIN,7294.026666666667,331.5466666666667,0.0,0.0,0.0,,,
1642298,Celeste Taylor,PHO,7218.75,328.125,0.427,0.125,0.0,,,
203406,Layshia Clarendon,LAS,7026.915,334.615,-0.361,-2.198,0.0,,,
200671,Seimone Augustus,LAS,6965.804999999999,331.705,0.0,0.0,0.0,,,
202653,Kayla Pedersen,CON,6911.753333333333,265.83666666666664,0.0,0.0,0.0,,,
1641660,Zia Cooke,SEA,6783.27,260.895,5.765,-5.786,-2.5675538644605584,-1.3,-0.3,-1.6
1642815,Makayla Timpson,IND,6780.526666666667,218.72666666666663,1.663,0.859,0.4291076469255095,-0.6,-0.2,-0.9
1641602,Ivana Dojkić,NYL,6691.360000000001,257.36,0.0,0.0,0.0,,,
201062,Shay Murphy,SAN,6615.873333333334,254.45666666666668,0.0,0.0,0.0,,,
204334,Reshanda Gray,PHO,6401.79,237.10333333333327,0.0,0.0,0.0,,,
1629488,Brianna Turner,IND,6281.73,232.65666666666667,-0.24,0.502,-0.1614564146639842,-0.9,-0.3,-1.1
1631032,Lorela Cubaj,ATL,6180.72,220.74,0.446,-0.166,0.0,,,
201502,Essence Carson,CON,6093.290000000001,290.1566666666667,0.0,0.0,0.0,,,
1627678,Bria Holmes,LVA,6037.25,317.75,0.0,0.0,0.0,,,
1642822,Kaitlyn Chen,GSV,5922.36,246.765,-1.685,0.431,-0.509810504951405,-1.0,-0.3,-1.3
203411,Sugar Rodgers,LVA,5825.966666666666,264.81666666666666,0.0,0.0,0.0,,,
202657,Angel Robinson,PHO,5707.32,237.805,0.0,0.0,0.0,,,
201907,Courtney Paris,SEA,5705.55,190.185,0.0,0.0,0.0,,,
202663,Krystal Thomas,WAS,5681.44,236.72666666666663,0.0,0.0,0.0,,,
203015,Shekinna Stricklen,ATL,5661.04,235.8766666666667,0.0,0.0,0.0,,,
1630139,Jocelyn Willoughby,NYL,5580.47,192.43,0.0,0.0,0.0,,,
1628917,JiSu Park,LVA,5575.833333333333,223.03333333333333,0.0,0.0,0.0,,,
1628882,Lexie Brown,SEA,5436.76,226.53166666666667,-1.655,0.195,-0.764545798544743,-1.0,0.2,-0.8
1642286,Caitlin Clark,IND,5247.363333333333,403.6433333333333,-1.045,-0.979,-1.2179447558436478,1.2,-0.8,0.3
1631055,Nyara Sabally,NYL,5179.701666666667,304.68833333333333,-0.131,-0.654,-0.0377249660498209,0.1,0.1,0.2
101023,Sancho Lyttle,PHO,4994.466666666666,249.72333333333333,0.0,0.0,0.0,,,
203017,Glory Johnson,ATL,4903.320000000001,272.4066666666667,0.0,0.0,0.0,,,
1642287,Cameron Brink,LAS,4643.695,244.405,-1.946,-0.425,-2.005216496554949,-1.1,0.2,-0.9
1629484,Megan Gustafson,LVA,4512.166666666666,225.6083333333333,-0.335,-1.047,-1.2837174822338775,-1.1,-0.4,-1.4
1628242,Emma Cannon,LAS,4473.0,213.0,-0.158,1.252,-0.3648122472463262,-0.9,-0.2,-1.1
203437,Tierra Ruffin-Pratt,LAS,4184.125,246.125,0.0,0.0,0.0,,,
203389,Yvonne Turner,SEA,4051.46,192.92666666666668,0.0,0.0,0.0,,,
203043,Jacki Gemelos,WAS,4002.09,222.3383333333333,0.0,0.0,0.0,,,
1631013,Aisha Sheppard,LVA,3996.403333333333,173.75666666666666,0.0,0.0,0.0,,,
203035,Shey Peddy,IND,3969.3,264.62,0.614,-0.702,0.4511918589403588,-0.8,-0.5,-1.3
1630459,DiDi Richards,WAS,3954.366666666667,197.71833333333333,-0.293,-1.248,0.0,,,
201050,Tiffany Jackson,LAS,3930.29,151.165,0.0,0.0,0.0,,,
1641654,Stephanie Soares,DAL,3859.863333333333,175.44833333333332,0.398,0.765,0.0,,,
100949,Alana Beard,LAS,3757.44,234.84,0.0,0.0,0.0,,,
1630127,Leaonna Odom,NYL,3730.98,207.27666666666667,0.0,0.0,0.0,,,
1629479,Teaira McCowan,DAL,3721.7533333333336,218.92666666666668,0.241,-0.224,0.2967908566468403,-1.0,-0.5,-1.5
1642320,Jaylyn Sherrod,MIN,3696.983333333333,142.19166666666666,-1.68,-0.549,-0.9940909939524276,-1.1,-0.0,-1.2
1629492,Beatrice Mompremier,ATL,3679.9,175.23333333333332,0.0,0.0,0.0,,,
1628317,Karlie Samuelson,MIN,3644.1866666666665,227.76166666666663,0.691,0.064,-0.5886257705126581,-0.2,-0.0,-0.2
201049,Noelle Quinn,SEA,3618.9,180.945,0.0,0.0,0.0,,,
203018,Shenise Johnson,MIN,3598.4466666666667,211.6733333333333,0.0,0.0,0.0,,,
1641661,Lou Lopez Senechal,DAL,3388.815,125.51166666666668,-0.118,-0.003,0.0,,,
1630113,Ruthy Hebard,CHI,3317.6850000000004,174.615,0.0,0.0,0.0,,,
1628920,Mercedes Russell,LAS,3266.9333333333334,163.34666666666666,-1.853,-0.005,-2.425372812356306,-1.5,-0.4,-1.9
1641665,Leigha Brown,CON,3256.125,130.245,0.0,0.0,0.0,,,
1628285,Leticia Romero,DAL,3056.725,145.55833333333334,0.0,0.0,0.0,,,
1641700,Liz Dixon,PHO,2881.11,160.06166666666667,-1.32,-2.125,0.0,,,
203034,Keisha Hampton,CHI,2821.025,148.475,0.0,0.0,0.0,,,
1630104,Kathleen Doyle,IND,2797.41,155.41166666666666,0.0,0.0,0.0,,,
1642841,Mamignan Toure,CON,2653.6200000000003,147.42333333333335,-2.058,0.109,-1.6262552948431304,,,
204321,Kaleena Mosqueda-Lewis,CON,2621.04,163.815,0.0,0.0,0.0,,,
1641653,Ashley Joens,PHO,2423.5133333333333,127.55333333333331,0.0,0.0,0.0,,,
202652,Alex Montgomery,CHI,2312.9966666666664,121.73666666666666,0.0,0.0,0.0,,,
1631091,Evina Westbrook,LAS,2298.66,127.70333333333332,0.0,0.0,0.0,,,
201503,Erlana Larkins,MIN,2182.1583333333333,167.85833333333332,0.0,0.0,0.0,,,
1631064,Chloe Bibby,IND,2153.41,153.815,0.373,0.357,-0.3620808559160967,-1.0,-0.3,-1.3
203823,Chiney Ogwumike,LAS,2121.6833333333334,212.1683333333333,0.0,0.0,0.0,,,
1628284,Alexis Peterson,SEA,2050.795,120.635,0.0,0.0,0.0,,,
203838,Astou Ndour-Fall,CON,2032.5433333333333,92.38833333333334,0.0,0.0,0.0,,,
1628866,Endy Miyem,MIN,2027.3,101.365,0.0,0.0,0.0,,,
1628868,Hind Ben Abdelkader,IND,1990.4266666666667,142.17333333333335,0.0,0.0,0.0,,,
1630151,Olivia Epoupa,MIN,1935.4216666666664,113.84833333333331,0.0,0.0,0.0,,,
1642820,Liatu King,DAL,1903.0433333333333,135.93166666666667,-0.53,-1.771,-1.0791692924142031,-1.3,-0.4,-1.7
1642293,Alissa Pili,LAS,1879.48,98.92,0.205,0.349,-0.6732581028796164,-1.1,-0.2,-1.3
1629502,Paris Kea,NYL,1812.6716666666664,164.78833333333333,0.0,0.0,0.0,,,
1630458,Aaliyah Wilson,IND,1671.8100000000002,119.415,0.0,0.0,0.0,,,
1642797,Anastasiia Olairi Kosu,MIN,1670.62,79.55333333333333,0.0,0.0,0.0,-0.8,0.0,-0.8
1627672,Aerial Powers,IND,1665.8000000000002,166.58,0.328,2.2,1.3141837801284475,-0.5,-0.4,-0.9
1631021,Sika Kone,ATL,1622.505,85.395,0.828,0.478,0.0,,,
202255,Allison Hightower,WAS,1593.3866666666663,144.85333333333332,0.0,0.0,0.0,,,
202634,Danielle Adams,CON,1577.7916666666667,83.04166666666667,0.0,0.0,0.0,,,
1642774,Murjanatu Musa,PHX,1461.24,121.77,1.001,-2.424,-0.910867578182108,-1.1,-0.1,-1.2
203405,Kayla Alexander,MIN,1427.9733333333334,89.24833333333333,0.0,0.0,0.0,,,
1628895,Marie Gülich,LAS,1427.56,118.96333333333334,0.0,0.0,0.0,,,
201518,Crystal Langhorne,SEA,1389.2233333333334,106.86333333333332,0.0,0.0,0.0,,,
1630136,Megan Walker,ATL,1382.14,115.17833333333331,0.0,0.0,0.0,,,
1642796,Rayah Marshall,CON,1351.725,90.115,-1.652,0.533,-0.5536076215071729,-1.7,-0.4,-2.2
1642773,Kariata Diaby,CON,1344.9583333333333,103.45833333333331,-0.863,-0.017,-0.5265751742494635,-1.9,-0.6,-2.5
202664,Courtney Vandersloot,CHI,1334.631666666667,190.66166666666663,-1.106,-1.116,0.1133460932745674,-0.6,-0.2,-0.9
1630454,Charli Collier,DAL,1333.65,78.45,0.0,0.0,0.0,,,
1642240,Jaelyn Brown,CON,1311.15,131.115,-2.119,0.45,-1.079303460407575,-1.6,-0.7,-2.4
204355,Blake Dietrick,ATL,1269.015,141.0016666666667,0.0,0.0,0.0,,,
203839,Tiffany Bias,NYL,1258.68,104.89,0.0,0.0,0.0,,,
1629539,Amy Okonkwo,DAL,1254.5866666666666,156.82333333333332,3.782,0.136,1.532530063720604,-0.3,-0.3,-0.6
1631147,Kianna Smith,LAS,1239.15,112.65,0.0,0.0,0.0,,,
1642790,Sania Feagin,LAS,1228.8266666666666,76.80166666666666,0.0,0.0,0.0,-1.6,-0.6,-2.1
1631029,Jasmine Dickey,DAL,1224.51,87.465,0.0,0.0,0.0,,,
1642295,Elizabeth Kitley,LVA,1178.18,98.18166666666669,-1.879,-1.143,-1.7330429263206324,-1.7,-0.4,-2.2
1630461,Kiana Williams,PHX,1172.545,106.595,-0.957,-0.461,0.1374610110618399,-1.4,-0.1,-1.5
1627643,Cyesha Goree,WAS,1164.6166666666668,116.46166666666667,0.0,0.0,0.0,,,
203859,Asia Taylor,PHO,1157.4,96.45,0.0,0.0,0.0,,,
1627681,Jazmon Gwathmey,IND,1156.6333333333332,115.66333333333333,0.0,0.0,0.0,,,
1629485,Kristine Anigwe,CON,1156.5016666666668,88.96166666666667,0.0,0.0,0.0,,,
1629571,Morgan Bertsch,DAL,1105.665,100.515,0.0,0.0,0.0,,,
201911,Kristi Toliver,WAS,1092.3183333333334,99.30166666666666,0.0,0.0,0.0,,,
1628300,Makayla Epps,CHI,1091.6266666666668,64.21333333333334,0.0,0.0,0.0,,,
203041,Lynetta Kizer,MIN,1088.9433333333334,77.78166666666667,0.0,0.0,0.0,,,
1629470,Kim Mestdagh,WAS,1066.775,71.11833333333334,0.0,0.0,0.0,,,
203845,Jennifer Hamson,IND,1037.38,86.44833333333334,0.0,0.0,0.0,,,
1628897,Linnae Harper,WAS,1016.7266666666668,72.62333333333333,0.0,0.0,0.0,,,
1628906,Stephanie Mavunga,CHI,953.0,95.3,0.0,0.0,0.0,,,
203857,Jamierra Faulkner,CHI,937.9716666666668,72.15166666666667,0.0,0.0,0.0,,,
1627689,Bashaara Graves,CHI,919.7166666666668,91.97166666666666,0.0,0.0,0.0,,,
1628262,Evelyn Akhator,DAL,914.85,60.99,0.0,0.0,0.0,,,
1642299,Nika Muhl,SEA,910.96,56.935,0.0,0.0,0.0,,,
1630440,Chelsea Dungee,DAL,895.6966666666666,63.97833333333333,0.0,0.0,0.0,,,
204332,Cierra Burdick,SEA,895.1366666666667,63.93833333333333,0.0,0.0,0.0,,,
1627670,Morgan Tuck,SEA,883.8166666666666,88.38166666666666,0.0,0.0,0.0,,,
1630153,Jaylyn Agnew,ATL,857.3800000000001,71.44833333333334,0.0,0.0,0.0,,,
1629506,Kiara Leslie,WAS,774.24,86.02666666666667,0.0,0.0,0.0,,,
202259,Epiphanny Prince,NYL,712.75,71.275,0.0,0.0,0.0,,,
204331,Brianna Kiesel,ATL,675.285,75.03166666666667,0.0,0.0,0.0,,,
1631089,Destanni Henderson,ATL,628.8,104.8,0.0,0.0,0.0,,,
1642814,Taylor Thierry,ATL,613.02,36.06,0.0,0.0,0.0,-1.4,-0.5,-1.9
1642307,Mackenzie Holmes,SEA,583.3166666666666,58.33166666666666,0.0,0.0,0.0,-1.8,-0.2,-2.1
1631062,Khayla Pointer,IND,578.35,57.835,0.0,0.0,0.0,,,
1642301,Marquesha Davis,CHI,570.79,51.89,0.0,0.0,0.0,-1.5,-0.2,-1.8
1630137,Stephanie Watts,CHI,503.96,83.99333333333334,0.0,0.0,0.0,,,
203848,Meighan Simmons,ATL,460.7716666666667,41.888333333333335,0.0,0.0,0.0,,,
203843,Maggie Lucas,DAL,446.8933333333333,55.861666666666665,0.0,0.0,0.0,,,
1630441,Arella Guirantes,SEA,427.35,47.48333333333333,0.0,0.0,0.0,,,
1628287,Jennie Simms,PHO,421.69,70.28166666666667,0.0,0.0,0.0,,,
1642810,Madison Scott,WAS,421.35,46.81666666666667,0.0,0.0,0.0,-1.6,-0.4,-2.0
1628268,Alaina Coates,LVA,420.86,35.071666666666665,0.0,0.0,0.0,,,
1630112,Tyasha Harris,DAL,412.1666666666667,82.43333333333334,-1.761,0.566,0.0,-1.0,-0.3,-1.4
1641641,Robyn Parks,CON,377.17,62.861666666666665,0.0,0.0,0.0,-1.9,-0.5,-2.4
1630119,Jazmine Jones,WAS,373.3733333333333,46.67166666666667,0.0,0.0,0.0,,,
1631056,Amy Atwell,PHO,356.65000000000003,59.44166666666667,0.0,0.0,0.0,,,
1630452,Rennia Davis,IND,344.70666666666665,43.08833333333333,0.0,0.0,0.0,,,
1641671,Abby Meyers,WAS,328.515,36.501666666666665,0.0,0.0,0.0,,,
1628283,Alexis Jones,ATL,318.48,53.08,0.0,0.0,0.0,,,
1627679,Adut Bulgak,CHI,306.6666666666667,61.333333333333336,0.0,0.0,0.0,,,
1629566,Han Xu,NYL,284.52,35.565,0.0,0.0,0.0,,,
1630043,Bernadett Hatar,CON,284.2,47.36666666666667,0.0,0.0,0.0,,,
1641672,Kayana Traylor,MIN,278.52,34.815,0.0,0.0,0.0,,,
1631002,Nia Clouden,LAS,268.9,53.78,0.0,0.0,0.0,,,
1641675,Dulcy Fankam Mendjiadeu,SEA,254.74166666666667,36.391666666666666,0.0,0.0,0.0,,,
1629505,Chloe Jackson,CHI,254.53333333333333,31.816666666666663,0.0,0.0,0.0,,,
1630437,Chelsey Perry,IND,240.65,40.10833333333333,0.0,0.0,0.0,,,
1631031,Queen Egbo,LVA,232.53333333333333,29.066666666666663,0.0,0.0,0.0,,,
1641670,Madi Williams,PHO,232.225,46.445,0.0,0.0,0.0,,,
1627680,Rachel Hollivay,ATL,231.29166666666663,33.041666666666664,0.0,0.0,0.0,,,
203563,Chelsea Hopkins,CHI,231.25333333333333,57.81333333333333,0.0,0.0,0.0,,,
1628267,Saniya Chong,DAL,212.675,42.535,0.0,0.0,0.0,,,
201058,Sandrine Gruda,LAS,207.18833333333333,29.598333333333333,0.0,0.0,0.0,,,
1628273,Kaela Davis,CHI,206.06666666666663,51.516666666666666,0.0,0.0,0.0,,,
1641687,Victaria Saxton,IND,204.45,22.716666666666665,0.0,0.0,0.0,,,
1628358,Maimouna Diarra,LAS,204.28333333333336,20.42833333333333,0.0,0.0,0.0,,,
1628298,Lanay Montgomery,SEA,198.77666666666667,28.39666666666667,0.0,0.0,0.0,,,
203401,Tayler Hill,DAL,195.7,48.925,0.0,0.0,0.0,,,
203016,Devereaux Peters,PHO,190.39166666666665,38.07833333333333,0.0,0.0,0.0,,,
1630118,Stella Johnson,WAS,187.0,31.166666666666668,0.0,0.0,0.0,,,
202623,Aneika Morello,ATL,183.1,30.516666666666666,0.0,0.0,0.0,,,
1631090,Christyn Williams,DAL,178.44,44.61,0.0,0.0,0.0,-1.5,-0.5,-2.0
1630993,Anneli Maley,CHI,177.88666666666666,44.47166666666666,0.0,0.0,0.0,,,
1627669,Moriah Jefferson,CHI,176.25,35.25,-2.35,-0.618,0.0,-1.8,-0.5,-2.3
1641659,Taylor Mikesell,ATL,175.29999999999998,29.216666666666665,0.0,0.0,0.0,,,
1630115,Joyner Holmes,LVA,172.70000000000002,28.78333333333333,-3.535,-2.424,0.0,-1.9,-0.3,-2.2
1630095,Brittany Brewer,ATL,163.675,32.735,0.0,0.0,0.0,,,
1628292,Breanna Lewis,DAL,155.53,25.921666666666667,0.0,0.0,0.0,,,
1629573,Arica Carter,PHO,144.47,24.078333333333333,0.0,0.0,0.0,,,
202645,Ify Ibekwe,LAS,141.22,23.536666666666665,0.0,0.0,0.0,,,
1627704,Alisia Jenkins,PHO,137.45833333333334,27.491666666666667,0.0,0.0,0.0,,,
1628261,Shao Ting,MIN,137.01666666666665,27.40333333333333,0.0,0.0,0.0,,,
1642344,Camryn Taylor,MIN,136.0,22.666666666666668,0.0,0.0,0.0,-1.5,-0.1,-1.6
1630120,Stephanie Jones,CON,132.91666666666666,26.58333333333333,0.0,0.0,0.0,,,
1630385,Shyla Heal,CHI,125.86666666666666,31.466666666666665,0.0,0.0,0.0,,,
1630435,Destiny Slocum,ATL,122.85,40.95,0.0,0.0,0.0,,,
1641698,Caitlin Bickle,CON,116.6,14.575,0.0,0.0,0.0,,,
203887,Victoria Macaulay,CHI,110.5,22.1,0.0,0.0,0.0,,,
1642768,Kyara Linskens,GSV,107.13333333333334,26.78333333333333,0.0,0.0,0.0,-1.7,-0.1,-1.8
202680,Darxia Morris,ATL,105.98333333333332,21.196666666666665,0.0,0.0,0.0,,,
1629570,Megan Huff,LVA,105.53666666666666,15.076666666666666,0.0,0.0,0.0,,,
204325,Crystal Bradford,LVA,96.6,24.15,0.0,0.0,0.0,-1.8,-0.3,-2.2
1630438,Kysre Gondrezick,CHI,81.25,16.25,0.0,0.0,0.0,,,
1631081,Katie Benzan,WAS,80.50999999999999,26.836666666666662,0.0,0.0,0.0,,,
203069,Avery Warley-Talbert,LVA,73.3,24.433333333333334,0.0,0.0,0.0,,,
1642788,Bree Hall,IND,69.86666666666666,17.466666666666665,0.0,0.0,0.0,-1.8,-0.3,-2.0
201914,Ashley Walker,LAS,67.41,22.47,0.0,0.0,0.0,,,
1642813,Serena Sundell,DAL,64.98,21.66,0.0,0.0,0.0,-1.7,-0.5,-2.2
203814,Nadia Colhado,IND,64.58333333333333,12.916666666666666,0.0,0.0,0.0,,,
1628265,Sophie Brunner,SAN,60.4,15.1,0.0,0.0,0.0,,,
201530,Sequoia Holmes,LVA,59.7,19.9,0.0,0.0,0.0,,,
1629500,Anriel Howard,SEA,58.71,19.57,0.0,0.0,0.0,,,
202640,Karima Christmas-Kelly,MIN,50.196666666666665,25.098333333333333,0.0,0.0,0.0,,,
1630479,Sparkle Taylor,CHI,49.06666666666667,24.53333333333333,0.0,0.0,0.0,,,
204327,Brittany Boyd-Jones,CHI,44.81,22.405,0.0,0.0,0.0,,,
1628905,Raigyne Louis,LVA,42.66666666666666,21.33333333333333,0.0,0.0,0.0,,,
201881,Angel McCoughtry,MIN,39.43333333333333,19.716666666666665,0.0,0.0,0.0,,,
1628911,Teana Muldrow,DAL,34.093333333333334,8.523333333333333,0.0,0.0,0.0,,,
1629495,Kenisha Bell,MIN,32.695,10.898333333333332,0.0,0.0,0.0,,,
1642763,Marième Badiane,MIN,32.205,10.735,0.0,0.0,0.0,-1.6,-0.2,-1.8
1631072,Elissa Cunane,MIN,29.85,9.95,0.0,0.0,0.0,,,
204323,Cheyenne Parker-Tyus,LVA,27.866666666666667,13.933333333333334,2.721,0.004,0.0,-1.9,-0.3,-2.2
1631046,Hannah Sjerven,MIN,27.1,9.033333333333331,0.0,0.0,0.0,,,
203830,Shoni Schimmel,LVA,25.46333333333333,12.731666666666667,0.0,0.0,0.0,,,
1628297,Alexis Prince,PHX,22.05,22.05,0.0,0.0,0.0,-1.8,-0.2,-2.0
1642294,Charisma Osborne,PHO,19.966666666666665,9.983333333333333,0.0,0.0,0.0,,,
1630110,Haley Gorecki,PHO,18.955,6.318333333333333,0.0,0.0,0.0,,,
1642309,Jakia Brown-Turner,WAS,15.943333333333332,7.971666666666667,0.0,0.0,0.0,,,
1628289,Feyonda Fitzgerald,CON,15.783333333333331,7.891666666666667,0.0,0.0,0.0,,,
1627687,Jillian Alleyne,MIN,15.6,7.8,0.0,0.0,0.0,,,
1642534,Ezinne Kalu,ATL,12.703333333333331,12.703333333333331,0.0,0.0,0.0,,,
1642799,Megan McConnell,PHX,12.635,12.635,0.0,0.0,0.0,-1.9,-0.2,-2.1
1642828,Ajae Petty,DAL,12.633333333333333,6.316666666666666,0.0,0.0,0.0,-1.8,-0.5,-2.3
1628304,Yvonne Anderson,MIN,12.35,12.35,0.0,0.0,0.0,-1.5,-0.2,-1.7
1631068,Sam Thomas,PHO,10.75,10.75,0.0,0.0,0.0,,,
1630961,Tina Krajisnik,CHI,10.676666666666666,5.338333333333333,0.0,0.0,0.0,,,
1630154,Kamiah Smalls,ATL,10.2,3.4,0.0,0.0,0.0,-1.6,-0.6,-2.2
1642305,Jessika Carter,LVA,8.606666666666667,4.303333333333334,0.0,0.0,0.0,,,
1627691,Ameryst Alston,NYL,7.216666666666667,3.608333333333333,0.0,0.0,0.0,,,
1641667,Taylor Soule,MIN,6.096666666666667,3.0483333333333333,0.0,0.0,0.0,,,
1642300,Dyaisha Fair,LVA,3.933333333333333,3.933333333333333,0.0,0.0,0.0,,,
1630453,Aleah Goodman,CON,3.2,3.2,0.0,0.0,0.0,,,
1631073,Raina Perez,SEA,2.316666666666667,2.316666666666667,0.0,0.0,0.0,,,
202644,Amber Harris,CHI,2.216666666666667,2.216666666666667,0.0,0.0,0.0,,,
1628913,Jaime Nared,LVA,1.35,1.35,0.0,0.0,0.0,,,
1628327,Adaora Elonu,ATL,1.0666666666666669,1.0666666666666669,0.0,0.0,0.0,,,
1628933,Imani Wright,PHO,0.9916666666666668,0.9916666666666668,0.0,0.0,0.0,,,
1628949,Khaalia Hillsman,CHI,0.8683333333333333,0.8683333333333333,0.0,0.0,0.0,,,
1630100,Lauren Cox,CON,0.1066666666666666,0.1066666666666666,0.0,0.0,0.0,,,
1643154,Kyra Lambert,IND,0.0766666666666666,0.0766666666666666,0.0,0.0,0.0,-1.7,-0.7,-2.4
100718,Adriana Moises Pinto,UNK,0.0,0.0,0.0,0.0,0.0,,,
100713,Slobodanka Tuvic,UNK,0.0,0.0,0.0,0.0,0.0,,,
100712,Dalivorka Vilipic,UNK,0.0,0.0,0.0,0.0,0.0,,,
100707,Georgia Schweitzer,UNK,0.0,0.0,0.0,0.0,0.0,,,
100759,Kayte Christensen,UNK,0.0,0.0,0.0,0.0,0.0,,,
100754,TaKeisha Lewis,UNK,0.0,0.0,0.0,0.0,0.0,,,
100749,Lindsey Yamasaki,UNK,0.0,0.0,0.0,0.0,0.0,,,
100748,Felicia Ragland,UNK,0.0,0.0,0.0,0.0,0.0,,,
100747,Andrea Gardner,UNK,0.0,0.0,0.0,0.0,0.0,,,
100746,Linda Frohlich,UNK,0.0,0.0,0.0,0.0,0.0,,,
100744,Brandi McCain,UNK,0.0,0.0,0.0,0.0,0.0,,,
100743,Davalyn Cunningham,UNK,0.0,0.0,0.0,0.0,0.0,,,
100741,Jill Chapman-Daily,UNK,0.0,0.0,0.0,0.0,0.0,,,
100740,Ayana Walker,UNK,0.0,0.0,0.0,0.0,0.0,,,
100739,Lucienne Berthieu,UNK,0.0,0.0,0.0,0.0,0.0,,,
100738,Lenae Williams,UNK,0.0,0.0,0.0,0.0,0.0,,,
100737,Zuzana Klimesova,UNK,0.0,0.0,0.0,0.0,0.0,,,
100736,Gergana Slavtcheva,UNK,0.0,0.0,0.0,0.0,0.0,,,
100734,Tamara Moore,UNK,0.0,0.0,0.0,0.0,0.0,,,
100733,LaNeishea Caufield,UNK,0.0,0.0,0.0,0.0,0.0,,,
100843,Cheryl Ford,UNK,0.0,0.0,0.0,0.0,0.0,,,
100840,Gwen Slaughter,UNK,0.0,0.0,0.0,0.0,0.0,,,
100838,Teresa Edwards,UNK,0.0,0.0,0.0,0.0,0.0,,,
100836,Jordan Adams,UNK,0.0,0.0,0.0,0.0,0.0,,,
100835,Erin Thorn,UNK,0.0,0.0,0.0,0.0,0.0,,,
100834,K.B. Sharp,UNK,0.0,0.0,0.0,0.0,0.0,,,
100833,Sonja Mallory,UNK,0.0,0.0,0.0,0.0,0.0,,,
100827,Courtney Coleman,UNK,0.0,0.0,0.0,0.0,0.0,,,
100807,Bernadette Ngoyisa,UNK,0.0,0.0,0.0,0.0,0.0,,,
100803,Begona Garcia,UNK,0.0,0.0,0.0,0.0,0.0,,,
100799,Susanna Bonfiglio,UNK,0.0,0.0,0.0,0.0,0.0,,,
100797,Claudia Neves,UNK,0.0,0.0,0.0,0.0,0.0,,,
100796,Iziane Castro Marques,UNK,0.0,0.0,0.0,0.0,0.0,,,
100786,Anastasia Kostaki,UNK,0.0,0.0,0.0,0.0,0.0,,,
100760,Edniesha Curry,UNK,0.0,0.0,0.0,0.0,0.0,,,
100876,Sun Min Jung,UNK,0.0,0.0,0.0,0.0,0.0,,,
100874,Kara Lawson,UNK,0.0,0.0,0.0,0.0,0.0,,,
100873,Chantelle Anderson,UNK,0.0,0.0,0.0,0.0,0.0,,,
100870,Chandra Johnson,UNK,0.0,0.0,0.0,0.0,0.0,,,
100867,Gwen Jackson,UNK,0.0,0.0,0.0,0.0,0.0,,,
100866,Tai Dillard,UNK,0.0,0.0,0.0,0.0,0.0,,,
100862,Bethany Donaphin,UNK,0.0,0.0,0.0,0.0,0.0,,,
100861,Zuzana Zirkova,UNK,0.0,0.0,0.0,0.0,0.0,,,
100860,Aiysha Smith,UNK,0.0,0.0,0.0,0.0,0.0,,,
100859,Tamara Bowie,UNK,0.0,0.0,0.0,0.0,0.0,,,
100856,Petra Ujhelyi,UNK,0.0,0.0,0.0,0.0,0.0,,,
100852,Jocelyn Penn,UNK,0.0,0.0,0.0,0.0,0.0,,,
100851,Teana Miller,UNK,0.0,0.0,0.0,0.0,0.0,,,
100849,DeTrina White,UNK,0.0,0.0,0.0,0.0,0.0,,,
100848,Coretta Brown,UNK,0.0,0.0,0.0,0.0,0.0,,,
100847,Leigh Aziz,UNK,0.0,0.0,0.0,0.0,0.0,,,
100922,Iciss Tillis,UNK,0.0,0.0,0.0,0.0,0.0,,,
100921,Jenni Benningfield,UNK,0.0,0.0,0.0,0.0,0.0,,,
100920,Kelly Mazzante,UNK,0.0,0.0,0.0,0.0,0.0,,,
100919,Nicole Powell,UNK,0.0,0.0,0.0,0.0,0.0,,,
100918,Candace Futrell,UNK,0.0,0.0,0.0,0.0,0.0,,,
100916,Jessica Brungo,UNK,0.0,0.0,0.0,0.0,0.0,,,
100913,Isabel Sanchez,UNK,0.0,0.0,0.0,0.0,0.0,,,
100912,Agnieszka Bibrzycka,UNK,0.0,0.0,0.0,0.0,0.0,,,
100908,Korie Hlede,UNK,0.0,0.0,0.0,0.0,0.0,,,
100887,Marion Jones,UNK,0.0,0.0,0.0,0.0,0.0,,,
100885,Shaquala Williams,UNK,0.0,0.0,0.0,0.0,0.0,,,
100883,LaToya Thomas,UNK,0.0,0.0,0.0,0.0,0.0,,,
100881,Michelle Greco,UNK,0.0,0.0,0.0,0.0,0.0,,,
100878,Suzy Batkovic-Brown,UNK,0.0,0.0,0.0,0.0,0.0,,,
100941,Chandi Jones,UNK,0.0,0.0,0.0,0.0,0.0,,,
100939,Cathy Joens,UNK,0.0,0.0,0.0,0.0,0.0,,,
100938,Amisha Carter,UNK,0.0,0.0,0.0,0.0,0.0,,,
100937,Shameka Christon,UNK,0.0,0.0,0.0,0.0,0.0,,,
100935,Amber Jacobs,UNK,0.0,0.0,0.0,0.0,0.0,,,
100934,Tasha Butts,UNK,0.0,0.0,0.0,0.0,0.0,,,
100933,Vanessa Hayden,UNK,0.0,0.0,0.0,0.0,0.0,,,
100932,Nicole Ohlde,UNK,0.0,0.0,0.0,0.0,0.0,,,
100931,Doneeka Lewis,UNK,0.0,0.0,0.0,0.0,0.0,,,
100930,Christi Thomas,UNK,0.0,0.0,0.0,0.0,0.0,,,
100928,Ebony Hoffman,UNK,0.0,0.0,0.0,0.0,0.0,,,
100927,Stacy Stephens,UNK,0.0,0.0,0.0,0.0,0.0,,,
100926,Lindsay Taylor,UNK,0.0,0.0,0.0,0.0,0.0,,,
100925,Jennifer Smith,UNK,0.0,0.0,0.0,0.0,0.0,,,
100923,Shereka Wright,UNK,0.0,0.0,0.0,0.0,0.0,,,
100988,Raffaella Masciadri,UNK,0.0,0.0,0.0,0.0,0.0,,,
100987,Laura Macchi,UNK,0.0,0.0,0.0,0.0,0.0,,,
100984,Giuliana Mendiola,UNK,0.0,0.0,0.0,0.0,0.0,,,
100979,Tera Bjorklund,UNK,0.0,0.0,0.0,0.0,0.0,,,
100975,Jennifer Derevjanik,UNK,0.0,0.0,0.0,0.0,0.0,,,
100973,Le'coe Willingham,UNK,0.0,0.0,0.0,0.0,0.0,,,
100967,Mandisa Stevenson,UNK,0.0,0.0,0.0,0.0,0.0,,,
100958,Monique Coker,UNK,0.0,0.0,0.0,0.0,0.0,,,
100950,Kaayla Chones,UNK,0.0,0.0,0.0,0.0,0.0,,,
100948,Catrina Frierson,UNK,0.0,0.0,0.0,0.0,0.0,,,
100947,Toccara Williams,UNK,0.0,0.0,0.0,0.0,0.0,,,
100945,Nuria Martinez,UNK,0.0,0.0,0.0,0.0,0.0,,,
100942,Ashley Robinson,UNK,0.0,0.0,0.0,0.0,0.0,,,
101027,Kristin Haynie,UNK,0.0,0.0,0.0,0.0,0.0,,,
101026,Katie Mattera,UNK,0.0,0.0,0.0,0.0,0.0,,,
101025,Kara Braxton,UNK,0.0,0.0,0.0,0.0,0.0,,,
101024,Temeka Johnson,UNK,0.0,0.0,0.0,0.0,0.0,,,
101022,Kendra Wecker,UNK,0.0,0.0,0.0,0.0,0.0,,,
101021,Sandora Irvin,UNK,0.0,0.0,0.0,0.0,0.0,,,
101020,Tan White,UNK,0.0,0.0,0.0,0.0,0.0,,,
101019,Janel McCarville,UNK,0.0,0.0,0.0,0.0,0.0,,,
101018,Edwige Lawson-Wade,UNK,0.0,0.0,0.0,0.0,0.0,,,
101012,Laura Summerton,UNK,0.0,0.0,0.0,0.0,0.0,,,
101006,Jurgita Streimikyte,UNK,0.0,0.0,0.0,0.0,0.0,,,
101004,Marlous Nieuwveen,UNK,0.0,0.0,0.0,0.0,0.0,,,
101000,Miao Li jie,UNK,0.0,0.0,0.0,0.0,0.0,,,
100998,Sui Fei Fei,UNK,0.0,0.0,0.0,0.0,0.0,,,
100997,Irina Osipova,UNK,0.0,0.0,0.0,0.0,0.0,,,
101057,Cisti Greenwalt,UNK,0.0,0.0,0.0,0.0,0.0,,,
101056,Megan Mahoney,UNK,0.0,0.0,0.0,0.0,0.0,,,
101053,Jamie Carey,UNK,0.0,0.0,0.0,0.0,0.0,,,
101049,Cathrine Kraayeveld,UNK,0.0,0.0,0.0,0.0,0.0,,,
101047,Ashley Battle,UNK,0.0,0.0,0.0,0.0,0.0,,,
101042,Jessica Moore,UNK,0.0,0.0,0.0,0.0,0.0,,,
101040,Chelsea Newton,UNK,0.0,0.0,0.0,0.0,0.0,,,
101039,Erin Phillips,UNK,0.0,0.0,0.0,0.0,0.0,,,
101036,Angelina Williams,UNK,0.0,0.0,0.0,0.0,0.0,,,
101035,Jacqueline Batteast,UNK,0.0,0.0,0.0,0.0,0.0,,,
101034,Yolanda Paige,UNK,0.0,0.0,0.0,0.0,0.0,,,
101033,Roneeka Hodges,UNK,0.0,0.0,0.0,0.0,0.0,,,
101032,Shyra Ely-Gash,UNK,0.0,0.0,0.0,0.0,0.0,,,
101029,Kristen Mann,UNK,0.0,0.0,0.0,0.0,0.0,,,
101028,Loree Moore,UNK,0.0,0.0,0.0,0.0,0.0,,,
200675,Lisa Willis,UNK,0.0,0.0,0.0,0.0,0.0,,,
200674,Sophia Young-Malcolm,UNK,0.0,0.0,0.0,0.0,0.0,,,
200670,Emmeline Ndongue,UNK,0.0,0.0,0.0,0.0,0.0,,,
200648,Emilie Gomis,UNK,0.0,0.0,0.0,0.0,0.0,,,
101103,Francesca Zara,UNK,0.0,0.0,0.0,0.0,0.0,,,
101084,Laurie Koehn,UNK,0.0,0.0,0.0,0.0,0.0,,,
101080,Jennifer Lacy,UNK,0.0,0.0,0.0,0.0,0.0,,,
101078,Susan King-Borchardt,UNK,0.0,0.0,0.0,0.0,0.0,,,
101075,Chen Nan,UNK,0.0,0.0,0.0,0.0,0.0,,,
101065,Anna Montanana,UNK,0.0,0.0,0.0,0.0,0.0,,,
101064,Caity Matter,UNK,0.0,0.0,0.0,0.0,0.0,,,
101062,Natalia Vodopyanova,UNK,0.0,0.0,0.0,0.0,0.0,,,
200693,Brooke Queenan,UNK,0.0,0.0,0.0,0.0,0.0,,,
200692,Willnett Crockett,UNK,0.0,0.0,0.0,0.0,0.0,,,
200691,Mistie Bass,UNK,0.0,0.0,0.0,0.0,0.0,,,
200689,Nikki Blue,UNK,0.0,0.0,0.0,0.0,0.0,,,
200688,Liz Moeggenberg,UNK,0.0,0.0,0.0,0.0,0.0,,,
200687,Ambrosia Anderson,UNK,0.0,0.0,0.0,0.0,0.0,,,
200686,Shanna Zolman,UNK,0.0,0.0,0.0,0.0,0.0,,,
200685,Ann Strother,UNK,0.0,0.0,0.0,0.0,0.0,,,
200684,Scholanda Dorrell,UNK,0.0,0.0,0.0,0.0,0.0,,,
200683,Kim Smith,UNK,0.0,0.0,0.0,0.0,0.0,,,
200682,Sherill Baker,UNK,0.0,0.0,0.0,0.0,0.0,,,
200681,Barbara Turner,UNK,0.0,0.0,0.0,0.0,0.0,,,
200680,Tye'sha Fluker,UNK,0.0,0.0,0.0,0.0,0.0,,,
200678,Tamara James,UNK,0.0,0.0,0.0,0.0,0.0,,,
200677,Shona Thorburn,UNK,0.0,0.0,0.0,0.0,0.0,,,
201046,Lindsey Harding,UNK,0.0,0.0,0.0,0.0,0.0,,,
201037,Marta Fernandez,UNK,0.0,0.0,0.0,0.0,0.0,,,
200740,Sabrina Palie,UNK,0.0,0.0,0.0,0.0,0.0,,,
200725,Brandi Davis,UNK,0.0,0.0,0.0,0.0,0.0,,,
200720,Brittany Wilkins,UNK,0.0,0.0,0.0,0.0,0.0,,,
200715,Yelena Leuchanka,UNK,0.0,0.0,0.0,0.0,0.0,,,
200714,Lindsay Bowen,UNK,0.0,0.0,0.0,0.0,0.0,,,
200709,Erin Grant,UNK,0.0,0.0,0.0,0.0,0.0,,,
200707,Christelle N'Garsanet,UNK,0.0,0.0,0.0,0.0,0.0,,,
200705,Zane Tamane,UNK,0.0,0.0,0.0,0.0,0.0,,,
200704,Kerri Gardin,UNK,0.0,0.0,0.0,0.0,0.0,,,
200702,Crystal Smith,UNK,0.0,0.0,0.0,0.0,0.0,,,
200701,Megan Duffy,UNK,0.0,0.0,0.0,0.0,0.0,,,
200699,Tiffany Stansbury,UNK,0.0,0.0,0.0,0.0,0.0,,,
200697,LaToya Bond,UNK,0.0,0.0,0.0,0.0,0.0,,,
200696,Kasha Terry,UNK,0.0,0.0,0.0,0.0,0.0,,,
201063,Shay Doron,UNK,0.0,0.0,0.0,0.0,0.0,,,
201061,Dee Davis,UNK,0.0,0.0,0.0,0.0,0.0,,,
201057,Kamesha Hairston,UNK,0.0,0.0,0.0,0.0,0.0,,,
201055,Carla Thomas,UNK,0.0,0.0,0.0,0.0,0.0,,,
201054,Alison Bales,UNK,0.0,0.0,0.0,0.0,0.0,,,
201053,Ashley Shields,UNK,0.0,0.0,0.0,0.0,0.0,,,
201052,Katie Gearlds,UNK,0.0,0.0,0.0,0.0,0.0,,,
201051,Bernice Mosby,UNK,0.0,0.0,0.0,0.0,0.0,,,
201048,Armintie Herrington,UNK,0.0,0.0,0.0,0.0,0.0,,,
201047,Jessica Davenport,UNK,0.0,0.0,0.0,0.0,0.0,,,
201475,Kristen O'Neill,UNK,0.0,0.0,0.0,0.0,0.0,,,
201140,Evanthia Maltsi,UNK,0.0,0.0,0.0,0.0,0.0,,,
201115,Amy Sanders,UNK,0.0,0.0,0.0,0.0,0.0,,,
201107,Gillian Goring,UNK,0.0,0.0,0.0,0.0,0.0,,,
201106,Chrissy Givens,UNK,0.0,0.0,0.0,0.0,0.0,,,
201104,Martina Weber,UNK,0.0,0.0,0.0,0.0,0.0,,,
201103,Leah Rush,UNK,0.0,0.0,0.0,0.0,0.0,,,
201095,Claire Coggins,UNK,0.0,0.0,0.0,0.0,0.0,,,
201087,Cori Chambers,UNK,0.0,0.0,0.0,0.0,0.0,,,
201086,Sidney Spencer,UNK,0.0,0.0,0.0,0.0,0.0,,,
201085,Kathrin Ress,UNK,0.0,0.0,0.0,0.0,0.0,,,
201084,Brooke Smith,UNK,0.0,0.0,0.0,0.0,0.0,,,
201077,Navonda Moore,UNK,0.0,0.0,0.0,0.0,0.0,,,
201070,Stephanie Raymond,UNK,0.0,0.0,0.0,0.0,0.0,,,
201068,Tyresa Smith,UNK,0.0,0.0,0.0,0.0,0.0,,,
201495,Khadijah Whittington,UNK,0.0,0.0,0.0,0.0,0.0,,,
201494,Crystal Kelly,UNK,0.0,0.0,0.0,0.0,0.0,,,
201493,Erica White,UNK,0.0,0.0,0.0,0.0,0.0,,,
201491,Val Berezhynska,UNK,0.0,0.0,0.0,0.0,0.0,,,
201490,Natasha Lacy,UNK,0.0,0.0,0.0,0.0,0.0,,,
201489,Olayinka Sanni,UNK,0.0,0.0,0.0,0.0,0.0,,,
201488,Tasha Humphrey,UNK,0.0,0.0,0.0,0.0,0.0,,,
201487,Alexis Hornbuckle,UNK,0.0,0.0,0.0,0.0,0.0,,,
201486,Lauren Ervin,UNK,0.0,0.0,0.0,0.0,0.0,,,
100225,Brandy Reed,UNK,0.0,0.0,0.0,0.0,0.0,,,
100224,Andrea Kuklova,UNK,0.0,0.0,0.0,0.0,0.0,,,
100223,Pauline Jordan,UNK,0.0,0.0,0.0,0.0,0.0,,,
100222,Kristi Harrower,UNK,0.0,0.0,0.0,0.0,0.0,,,
100221,Michelle Brogan,UNK,0.0,0.0,0.0,0.0,0.0,,,
100218,Towana Alhaleem,UNK,0.0,0.0,0.0,0.0,0.0,,,
100290,Leslie Johnson,UNK,0.0,0.0,0.0,0.0,0.0,,,
100289,Margo Graham,UNK,0.0,0.0,0.0,0.0,0.0,,,
100286,Michelle Reed,UNK,0.0,0.0,0.0,0.0,0.0,,,
100284,Tully Bevilaqua,UNK,0.0,0.0,0.0,0.0,0.0,,,
100283,Leila de Souza Sobral,UNK,0.0,0.0,0.0,0.0,0.0,,,
100270,Angela Hamblin,UNK,0.0,0.0,0.0,0.0,0.0,,,
100269,Carla Boyd,UNK,0.0,0.0,0.0,0.0,0.0,,,
100257,Mfon Udoka,UNK,0.0,0.0,0.0,0.0,0.0,,,
100255,Rachael Sporn,UNK,0.0,0.0,0.0,0.0,0.0,,,
100253,Razija Brcaninovic,UNK,0.0,0.0,0.0,0.0,0.0,,,
201485,Jolene Anderson,UNK,0.0,0.0,0.0,0.0,0.0,,,
201484,Ketia Swanier,UNK,0.0,0.0,0.0,0.0,0.0,,,
201483,Amber Holt,UNK,0.0,0.0,0.0,0.0,0.0,,,
201481,Quianna Chaney,UNK,0.0,0.0,0.0,0.0,0.0,,,
201478,Morenike Atunrase,UNK,0.0,0.0,0.0,0.0,0.0,,,
201514,Chioma Nnamaka,UNK,0.0,0.0,0.0,0.0,0.0,,,
201513,Charel Allen,UNK,0.0,0.0,0.0,0.0,0.0,,,
201510,A'Quonesia Franklin,UNK,0.0,0.0,0.0,0.0,0.0,,,
201509,Laura Harper,UNK,0.0,0.0,0.0,0.0,0.0,,,
201504,Wanisha Smith,UNK,0.0,0.0,0.0,0.0,0.0,,,
201501,Charde Houston,UNK,0.0,0.0,0.0,0.0,0.0,,,
201500,Nicky Anosike,UNK,0.0,0.0,0.0,0.0,0.0,,,
201499,Candice Wiggins,UNK,0.0,0.0,0.0,0.0,0.0,,,
201498,Sharnee Zoll-Norman,UNK,0.0,0.0,0.0,0.0,0.0,,,
201497,Shannon Bobbitt,UNK,0.0,0.0,0.0,0.0,0.0,,,
201885,Whitney Boddie,UNK,0.0,0.0,0.0,0.0,0.0,,,
201884,Chante Black,UNK,0.0,0.0,0.0,0.0,0.0,,,
201882,Jessica Adair,UNK,0.0,0.0,0.0,0.0,0.0,,,
201869,Anete Jekabsone-Zogota,UNK,0.0,0.0,0.0,0.0,0.0,,,
201558,Florina Pascalau,UNK,0.0,0.0,0.0,0.0,0.0,,,
201551,Kamela Gissendanner,UNK,0.0,0.0,0.0,0.0,0.0,,,
201544,Yuko Oga,UNK,0.0,0.0,0.0,0.0,0.0,,,
201535,Danielle Page,UNK,0.0,0.0,0.0,0.0,0.0,,,
201531,Marcedes Walker,UNK,0.0,0.0,0.0,0.0,0.0,,,
201529,Adrianne Ross,UNK,0.0,0.0,0.0,0.0,0.0,,,
201520,Krystal Vaughn,UNK,0.0,0.0,0.0,0.0,0.0,,,
201517,Kimberly Beck,UNK,0.0,0.0,0.0,0.0,0.0,,,
201917,Christina Wirth,UNK,0.0,0.0,0.0,0.0,0.0,,,
201909,Sonja Petrovic,UNK,0.0,0.0,0.0,0.0,0.0,,,
201903,Jelena Milovanovic,UNK,0.0,0.0,0.0,0.0,0.0,,,
201902,Britany Miller,UNK,0.0,0.0,0.0,0.0,0.0,,,
201901,Rashanda McCants,UNK,0.0,0.0,0.0,0.0,0.0,,,
201898,Shalee Lehning,UNK,0.0,0.0,0.0,0.0,0.0,,,
201895,Quanitra Hollingsworth,UNK,0.0,0.0,0.0,0.0,0.0,,,
201892,Megan Frazee,UNK,0.0,0.0,0.0,0.0,0.0,,,
201890,Tenae Davis-Cain,UNK,0.0,0.0,0.0,0.0,0.0,,,
202262,Ashley Houts,UNK,0.0,0.0,0.0,0.0,0.0,,,
202261,Jacinta Monroe,UNK,0.0,0.0,0.0,0.0,0.0,,,
202257,Monica Wright,UNK,0.0,0.0,0.0,0.0,0.0,,,
202256,Alison Lacey,UNK,0.0,0.0,0.0,0.0,0.0,,,
202254,Kelsey Griffin,UNK,0.0,0.0,0.0,0.0,0.0,,,
202253,Kalana Greene,UNK,0.0,0.0,0.0,0.0,0.0,,,
202251,Jayne Appel Marinelli,UNK,0.0,0.0,0.0,0.0,0.0,,,
202249,Abby Bishop,UNK,0.0,0.0,0.0,0.0,0.0,,,
202239,Jana Vesela,UNK,0.0,0.0,0.0,0.0,0.0,,,
201922,Kristi Cirone,UNK,0.0,0.0,0.0,0.0,0.0,,,
201918,Lindsay Wisdom-Hylton,UNK,0.0,0.0,0.0,0.0,0.0,,,
202629,Miranda Ayim,UNK,0.0,0.0,0.0,0.0,0.0,,,
200679,La'Tangela Atkinson,UNK,0.0,0.0,0.0,0.0,0.0,,,
100007,Jamila Wideman,UNK,0.0,0.0,0.0,0.0,0.0,,,
202318,Ewelina Kobryn,UNK,0.0,0.0,0.0,0.0,0.0,,,
202316,Taylor Lilley,UNK,0.0,0.0,0.0,0.0,0.0,,,
202315,Andrea Riley,UNK,0.0,0.0,0.0,0.0,0.0,,,
202314,Michelle Campbell,UNK,0.0,0.0,0.0,0.0,0.0,,,
202285,Joy Cheek,UNK,0.0,0.0,0.0,0.0,0.0,,,
202283,Brittainey Raven,UNK,0.0,0.0,0.0,0.0,0.0,,,
202280,Alexis Gray-Lawson,UNK,0.0,0.0,0.0,0.0,0.0,,,
202278,Abi Olajuwon,UNK,0.0,0.0,0.0,0.0,0.0,,,
202276,Gabriela Marginean,UNK,0.0,0.0,0.0,0.0,0.0,,,
202269,Amanda Thompson,UNK,0.0,0.0,0.0,0.0,0.0,,,
202265,Jene Morris,UNK,0.0,0.0,0.0,0.0,0.0,,,
202264,Chanel Mokango,UNK,0.0,0.0,0.0,0.0,0.0,,,
202263,Danielle McCray,UNK,0.0,0.0,0.0,0.0,0.0,,,
202654,Porsha Phillips,UNK,0.0,0.0,0.0,0.0,0.0,,,
1643443,Awa Fam,UNK,0.0,0.0,0.0,0.0,0.0,,,
1643484,Sakima Walker,UNK,0.0,0.0,0.0,0.0,0.0,,,
100008,Tamecka Dixon,UNK,0.0,0.0,0.0,0.0,0.0,,,
202647,Rachel Jarry,UNK,0.0,0.0,0.0,0.0,0.0,,,
1643549,Sacha Washington,UNK,0.0,0.0,0.0,0.0,0.0,,,
100002,Rebecca Lobo,UNK,0.0,0.0,0.0,0.0,0.0,,,
202643,Victoria Dunlap,UNK,0.0,0.0,0.0,0.0,0.0,,,
100003,Lisa Leslie,UNK,0.0,0.0,0.0,0.0,0.0,,,
100004,Penny Toler,UNK,0.0,0.0,0.0,0.0,0.0,,,
202639,Felicia Chester-Wootton,UNK,0.0,0.0,0.0,0.0,0.0,,,
1643466,Latasha Lattimore,UNK,0.0,0.0,0.0,0.0,0.0,,,
202637,Angie Bjorklund,UNK,0.0,0.0,0.0,0.0,0.0,,,
1643483,Ra Shaya Kyle,UNK,0.0,0.0,0.0,0.0,0.0,,,
1643480,Nyla Harris,UNK,0.0,0.0,0.0,0.0,0.0,,,
1643479,Ndjakalenga Mwenentanda,UNK,0.0,0.0,0.0,0.0,0.0,,,
1643478,Grace Sullivan,UNK,0.0,0.0,0.0,0.0,0.0,,,
203013,Dymond Simon,UNK,0.0,0.0,0.0,0.0,0.0,,,
203001,Ziomara Morrison,UNK,0.0,0.0,0.0,0.0,0.0,,,
202999,Dawn Evans,UNK,0.0,0.0,0.0,0.0,0.0,,,
1643477,Amelia Hassett,UNK,0.0,0.0,0.0,0.0,0.0,,,
1643476,Kyla Oldacre,UNK,0.0,0.0,0.0,0.0,0.0,,,
202665,Chastity Reed,UNK,0.0,0.0,0.0,0.0,0.0,,,
1643475,Taylor Bigby,UNK,0.0,0.0,0.0,0.0,0.0,,,
1643503,Jordan Obi,UNK,0.0,0.0,0.0,0.0,0.0,,,
1643499,Jessica Timmons,UNK,0.0,0.0,0.0,0.0,0.0,,,
1643493,Noemie Brochant,UNK,0.0,0.0,0.0,0.0,0.0,,,
1643491,Cate Reese,UNK,0.0,0.0,0.0,0.0,0.0,,,
202655,Ta'Shia Phillips,UNK,0.0,0.0,0.0,0.0,0.0,,,
203040,April Sykes,UNK,0.0,0.0,0.0,0.0,0.0,,,
203039,Sydney Carter,UNK,0.0,0.0,0.0,0.0,0.0,,,
203037,Vicki Baugh,UNK,0.0,0.0,0.0,0.0,0.0,,,
1643490,Eliska Hamzova,UNK,0.0,0.0,0.0,0.0,0.0,,,
1643489,Antonia Delaere,UNK,0.0,0.0,0.0,0.0,0.0,,,
203033,Chay Shegog,UNK,0.0,0.0,0.0,0.0,0.0,,,
203030,Julie Wojta,UNK,0.0,0.0,0.0,0.0,0.0,,,
100026,Yvette Angel,UNK,0.0,0.0,0.0,0.0,0.0,,,
203025,Farhiya Abdi,UNK,0.0,0.0,0.0,0.0,0.0,,,
203021,Natalie Novosel,UNK,0.0,0.0,0.0,0.0,0.0,,,
203020,Kelley Cain,UNK,0.0,0.0,0.0,0.0,0.0,,,
203019,Samantha Prahalis,UNK,0.0,0.0,0.0,0.0,0.0,,,
100006,Haixia Zheng,UNK,0.0,0.0,0.0,0.0,0.0,,,
100023,Tajama Abraham,UNK,0.0,0.0,0.0,0.0,0.0,,,
100022,Chantel Tremitiere,UNK,0.0,0.0,0.0,0.0,0.0,,,
203404,Toni Young,UNK,0.0,0.0,0.0,0.0,0.0,,,
100021,Denique Graves,UNK,0.0,0.0,0.0,0.0,0.0,,,
100020,Pam McGee,UNK,0.0,0.0,0.0,0.0,0.0,,,
100019,Mikiko Hagiwara,UNK,0.0,0.0,0.0,0.0,0.0,,,
100018,Judy Mosley-McAfee,UNK,0.0,0.0,0.0,0.0,0.0,,,
203070,Cierra Bravard,UNK,0.0,0.0,0.0,0.0,0.0,,,
100017,Bridgette Gordon,UNK,0.0,0.0,0.0,0.0,0.0,,,
203067,Sasha Goodlett,UNK,0.0,0.0,0.0,0.0,0.0,,,
203047,Katelan Redmon,UNK,0.0,0.0,0.0,0.0,0.0,,,
203046,Briana Butler,UNK,0.0,0.0,0.0,0.0,0.0,,,
100016,Ruthie Bolton,UNK,0.0,0.0,0.0,0.0,0.0,,,
100251,Aneta Kausaite,UNK,0.0,0.0,0.0,0.0,0.0,,,
203427,Jasmine James,UNK,0.0,0.0,0.0,0.0,0.0,,,
203426,Angel Goodrich,UNK,0.0,0.0,0.0,0.0,0.0,,,
203423,Nikki Greene,UNK,0.0,0.0,0.0,0.0,0.0,,,
203421,Chucky Jeffery,UNK,0.0,0.0,0.0,0.0,0.0,,,
203418,Jasmine Hassell,UNK,0.0,0.0,0.0,0.0,0.0,,,
100250,Korie Hlede,UNK,0.0,0.0,0.0,0.0,0.0,,,
203415,Chelsea Poppens,UNK,0.0,0.0,0.0,0.0,0.0,,,
203414,Nadirah McKenith,UNK,0.0,0.0,0.0,0.0,0.0,,,
203413,Davellyn Whyte,UNK,0.0,0.0,0.0,0.0,0.0,,,
203412,Kamiko Williams,UNK,0.0,0.0,0.0,0.0,0.0,,,
100204,Rita Williams,UNK,0.0,0.0,0.0,0.0,0.0,,,
100202,Adrienne Shuler,UNK,0.0,0.0,0.0,0.0,0.0,,,
100201,Alessandra Santos de Olive,UNK,0.0,0.0,0.0,0.0,0.0,,,
100199,Murriel Page,UNK,0.0,0.0,0.0,0.0,0.0,,,
100198,Nikki McCray,UNK,0.0,0.0,0.0,0.0,0.0,,,
100197,Angela Jackson,UNK,0.0,0.0,0.0,0.0,0.0,,,
100242,LaTonya Johnson,UNK,0.0,0.0,0.0,0.0,0.0,,,
100239,Margo Dydek,UNK,0.0,0.0,0.0,0.0,0.0,,,
100237,Tricia Bader Binford,UNK,0.0,0.0,0.0,0.0,0.0,,,
100236,Tangela Smith,UNK,0.0,0.0,0.0,0.0,0.0,,,
100235,Franthea Price,UNK,0.0,0.0,0.0,0.0,0.0,,,
100234,Ticha Penicheiro,UNK,0.0,0.0,0.0,0.0,0.0,,,
100233,Tiffani Johnson,UNK,0.0,0.0,0.0,0.0,0.0,,,
100231,Adia Barnes,UNK,0.0,0.0,0.0,0.0,0.0,,,
100230,Quacy Barnes,UNK,0.0,0.0,0.0,0.0,0.0,,,
100227,Maria Stepanova,UNK,0.0,0.0,0.0,0.0,0.0,,,
100248,Cindy Brown,UNK,0.0,0.0,0.0,0.0,0.0,,,
203409,Lindsey Moore,UNK,0.0,0.0,0.0,0.0,0.0,,,
203408,Kelly Faris,UNK,0.0,0.0,0.0,0.0,0.0,,,
203407,A'dia Mathies,UNK,0.0,0.0,0.0,0.0,0.0,,,
100247,Sandy Brondello,UNK,0.0,0.0,0.0,0.0,0.0,,,
100246,Gergana Branzova,UNK,0.0,0.0,0.0,0.0,0.0,,,
203820,Celine Dumerc,UNK,0.0,0.0,0.0,0.0,0.0,,,
100243,Olympia Scott,UNK,0.0,0.0,0.0,0.0,0.0,,,
203813,Anna Cruz,UNK,0.0,0.0,0.0,0.0,0.0,,,
100355,Jennifer Whittle,UNK,0.0,0.0,0.0,0.0,0.0,,,
203555,Joslyn Tinkle,UNK,0.0,0.0,0.0,0.0,0.0,,,
203451,Courtney Clements,UNK,0.0,0.0,0.0,0.0,0.0,,,
100354,Heather Owen,UNK,0.0,0.0,0.0,0.0,0.0,,,
203432,Waltiea Rolle,UNK,0.0,0.0,0.0,0.0,0.0,,,
203428,Anne Marie Armstrong,UNK,0.0,0.0,0.0,0.0,0.0,,,
100353,Andrea Nagy,UNK,0.0,0.0,0.0,0.0,0.0,,,
100351,Joy Holmes,UNK,0.0,0.0,0.0,0.0,0.0,,,
100350,Shalonda Enis,UNK,0.0,0.0,0.0,0.0,0.0,,,
203844,Gennifer Brandon,UNK,0.0,0.0,0.0,0.0,0.0,,,
100348,Markita Aldridge,UNK,0.0,0.0,0.0,0.0,0.0,,,
203840,Inga Orekhova,UNK,0.0,0.0,0.0,0.0,0.0,,,
100347,Tamika Whitmore,UNK,0.0,0.0,0.0,0.0,0.0,,,
100346,Michele Van Gorp,UNK,0.0,0.0,0.0,0.0,0.0,,,
100345,Crystal Robinson,UNK,0.0,0.0,0.0,0.0,0.0,,,
203834,Tricia Liston,UNK,0.0,0.0,0.0,0.0,0.0,,,
203832,Markeisha Gatling,UNK,0.0,0.0,0.0,0.0,0.0,,,
100344,Carolyn Young,UNK,0.0,0.0,0.0,0.0,0.0,,,
100342,Becky Hammon,UNK,0.0,0.0,0.0,0.0,0.0,,,
204309,Clarissa Dos Santos,UNK,0.0,0.0,0.0,0.0,0.0,,,
204302,Ana Dabovic,UNK,0.0,0.0,0.0,0.0,0.0,,,
204300,Marta Xargay,UNK,0.0,0.0,0.0,0.0,0.0,,,
204299,Marianna Tolo,UNK,0.0,0.0,0.0,0.0,0.0,,,
204298,Tess Madgen,UNK,0.0,0.0,0.0,0.0,0.0,,,
100340,Kara Wolters,UNK,0.0,0.0,0.0,0.0,0.0,,,
100339,LaCharlotte Smith,UNK,0.0,0.0,0.0,0.0,0.0,,,
203881,Shanece McKinney,UNK,0.0,0.0,0.0,0.0,0.0,,,
203876,Aaryn Ellenberg,UNK,0.0,0.0,0.0,0.0,0.0,,,
203874,Heather Butler,UNK,0.0,0.0,0.0,0.0,0.0,,,
203870,Jasmine Lister,UNK,0.0,0.0,0.0,0.0,0.0,,,
100338,Jennifer Rizzotti,UNK,0.0,0.0,0.0,0.0,0.0,,,
202626,Jenna O'Hea,UNK,0.0,0.0,0.0,0.0,0.0,,,
100336,Sonja Henning,UNK,0.0,0.0,0.0,0.0,0.0,,,
100294,Cass Bauer-Bilodeau,UNK,0.0,0.0,0.0,0.0,0.0,,,
100375,Edna Campbell,UNK,0.0,0.0,0.0,0.0,0.0,,,
100374,Penny Moore,UNK,0.0,0.0,0.0,0.0,0.0,,,
100373,Itoro Umoh-Coleman,UNK,0.0,0.0,0.0,0.0,0.0,,,
204328,Samantha Logic,UNK,0.0,0.0,0.0,0.0,0.0,,,
100372,Dawn Staley,UNK,0.0,0.0,0.0,0.0,0.0,,,
204326,Ally Malott,UNK,0.0,0.0,0.0,0.0,0.0,,,
100371,Charlotte Smith,UNK,0.0,0.0,0.0,0.0,0.0,,,
100370,Stephanie White,UNK,0.0,0.0,0.0,0.0,0.0,,,
100369,Niesa Johnson,UNK,0.0,0.0,0.0,0.0,0.0,,,
100368,Angie Braziel,UNK,0.0,0.0,0.0,0.0,0.0,,,
100366,Natalie Williams,UNK,0.0,0.0,0.0,0.0,0.0,,,
1627648,Evgeniia Belyakova,UNK,0.0,0.0,0.0,0.0,0.0,,,
1627645,Frida Eldebrink,UNK,0.0,0.0,0.0,0.0,0.0,,,
1627644,Jelena Dubljevic,UNK,0.0,0.0,0.0,0.0,0.0,,,
100365,Krystyna Lara,UNK,0.0,0.0,0.0,0.0,0.0,,,
1627639,Zoi Dimitrakou,UNK,0.0,0.0,0.0,0.0,0.0,,,
1627635,Carla Cortijo,UNK,0.0,0.0,0.0,0.0,0.0,,,
204468,Valeriane Ayayi,UNK,0.0,0.0,0.0,0.0,0.0,,,
204362,Jennifer O'Neill,UNK,0.0,0.0,0.0,0.0,0.0,,,
100364,Dalma Ivanyi,UNK,0.0,0.0,0.0,0.0,0.0,,,
100177,Kelly Boucher,UNK,0.0,0.0,0.0,0.0,0.0,,,
100176,Sandra VanEmbricqs,UNK,0.0,0.0,0.0,0.0,0.0,,,
100175,Rehema Stephens,UNK,0.0,0.0,0.0,0.0,0.0,,,
100174,Eugenia Rycraw,UNK,0.0,0.0,0.0,0.0,0.0,,,
100170,Allison Feaster,UNK,0.0,0.0,0.0,0.0,0.0,,,
100169,Octavia Blue,UNK,0.0,0.0,0.0,0.0,0.0,,,
100217,Coquese Washington,UNK,0.0,0.0,0.0,0.0,0.0,,,
100216,Alicia Thompson,UNK,0.0,0.0,0.0,0.0,0.0,,,
100215,Vanessa Nygaard,UNK,0.0,0.0,0.0,0.0,0.0,,,
100214,Nadine Domond,UNK,0.0,0.0,0.0,0.0,0.0,,,
100213,Elisabeth Cebrian,UNK,0.0,0.0,0.0,0.0,0.0,,,
100212,Albena Branzova,UNK,0.0,0.0,0.0,0.0,0.0,,,
100211,Amaya Valdemoro,UNK,0.0,0.0,0.0,0.0,0.0,,,
100210,Polina Tzekova,UNK,0.0,0.0,0.0,0.0,0.0,,,
100208,Nyree Roberts,UNK,0.0,0.0,0.0,0.0,0.0,,,
100207,Monica Lamb,UNK,0.0,0.0,0.0,0.0,0.0,,,
204352,Shae Kelley,UNK,0.0,0.0,0.0,0.0,0.0,,,
204348,Andrea Hoover,UNK,0.0,0.0,0.0,0.0,0.0,,,
204337,Brittany Hrynko,UNK,0.0,0.0,0.0,0.0,0.0,,,
204336,Alex Harden,UNK,0.0,0.0,0.0,0.0,0.0,,,
100363,Adrienne Goodson,UNK,0.0,0.0,0.0,0.0,0.0,,,
1627684,Jamie Weisner,UNK,0.0,0.0,0.0,0.0,0.0,,,
1627682,Whitney Knight,UNK,0.0,0.0,0.0,0.0,0.0,,,
100360,Michelle Campbell,UNK,0.0,0.0,0.0,0.0,0.0,,,
100359,Debbie Black,UNK,0.0,0.0,0.0,0.0,0.0,,,
100357,Monica Maxwell,UNK,0.0,0.0,0.0,0.0,0.0,,,
100356,Chamique Holdsclaw,UNK,0.0,0.0,0.0,0.0,0.0,,,
100394,Gordana Grubin,UNK,0.0,0.0,0.0,0.0,0.0,,,
100393,La'Keshia Frett,UNK,0.0,0.0,0.0,0.0,0.0,,,
100392,Ukari Figgs,UNK,0.0,0.0,0.0,0.0,0.0,,,
100391,Nina Bjedov,UNK,0.0,0.0,0.0,0.0,0.0,,,
100390,Oksana Zakaluzhnaya,UNK,0.0,0.0,0.0,0.0,0.0,,,
100389,Val Whiting,UNK,0.0,0.0,0.0,0.0,0.0,,,
100388,Elena Tornikidou,UNK,0.0,0.0,0.0,0.0,0.0,,,
100387,Astou Ndiaye-Diatta,UNK,0.0,0.0,0.0,0.0,0.0,,,
100386,Claudia Neves,UNK,0.0,0.0,0.0,0.0,0.0,,,
100384,Dominique Canty,UNK,0.0,0.0,0.0,0.0,0.0,,,
100383,Lesley Brown,UNK,0.0,0.0,0.0,0.0,0.0,,,
1627699,Nirra Fields,UNK,0.0,0.0,0.0,0.0,0.0,,,
100382,Jennifer Azzi,UNK,0.0,0.0,0.0,0.0,0.0,,,
100380,Amanda Wilson,UNK,0.0,0.0,0.0,0.0,0.0,,,
1627688,Brene Moseley,UNK,0.0,0.0,0.0,0.0,0.0,,,
100379,Merlelynn Lang-Harris,UNK,0.0,0.0,0.0,0.0,0.0,,,
1627685,Ruth Hamblin,UNK,0.0,0.0,0.0,0.0,0.0,,,
100378,Lisa Harrison,UNK,0.0,0.0,0.0,0.0,0.0,,,
100377,Clarissa Davis-Wrightsil,UNK,0.0,0.0,0.0,0.0,0.0,,,
100414,Elaine Powell,UNK,0.0,0.0,0.0,0.0,0.0,,,
100413,Tari Phillips,UNK,0.0,0.0,0.0,0.0,0.0,,,
100412,Taj McWilliams-Franklin,UNK,0.0,0.0,0.0,0.0,0.0,,,
100411,Carla McGhee,UNK,0.0,0.0,0.0,0.0,0.0,,,
100410,Shannon Johnson,UNK,0.0,0.0,0.0,0.0,0.0,,,
100107,Kisha Ford,UNK,0.0,0.0,0.0,0.0,0.0,,,
100106,Trena Trice-Hill,UNK,0.0,0.0,0.0,0.0,0.0,,,
100105,Sophia Witherspoon,UNK,0.0,0.0,0.0,0.0,0.0,,,
100104,Sue Wicks,UNK,0.0,0.0,0.0,0.0,0.0,,,
100103,Vickie Johnson,UNK,0.0,0.0,0.0,0.0,0.0,,,
100102,Kym Hampton,UNK,0.0,0.0,0.0,0.0,0.0,,,
100194,Keri Chaconas,UNK,0.0,0.0,0.0,0.0,0.0,,,
100193,La'Shawn Brown,UNK,0.0,0.0,0.0,0.0,0.0,,,
100187,Suzie McConnell Serio,UNK,0.0,0.0,0.0,0.0,0.0,,,
100186,Tanja Kostic,UNK,0.0,0.0,0.0,0.0,0.0,,,
100183,Cindy Blodgett,UNK,0.0,0.0,0.0,0.0,0.0,,,
100182,Tracy Reid,UNK,0.0,0.0,0.0,0.0,0.0,,,
100181,Christy Smith,UNK,0.0,0.0,0.0,0.0,0.0,,,
100180,Pollyanna Johns Kimbrough,UNK,0.0,0.0,0.0,0.0,0.0,,,
100179,Charmin Smith,UNK,0.0,0.0,0.0,0.0,0.0,,,
100178,Sonia Chase,UNK,0.0,0.0,0.0,0.0,0.0,,,
100408,Kym Hope,UNK,0.0,0.0,0.0,0.0,0.0,,,
100406,Sonja Tate,UNK,0.0,0.0,0.0,0.0,0.0,,,
100404,Katie Smith,UNK,0.0,0.0,0.0,0.0,0.0,,,
100403,Angie Potthoff,UNK,0.0,0.0,0.0,0.0,0.0,,,
100402,Andrea Lloyd-Curry,UNK,0.0,0.0,0.0,0.0,0.0,,,
100401,Annie Burgess,UNK,0.0,0.0,0.0,0.0,0.0,,,
100400,Kristin Folkl,UNK,0.0,0.0,0.0,0.0,0.0,,,
100399,Trisha Fallon,UNK,0.0,0.0,0.0,0.0,0.0,,,
100398,Tonya Edwards,UNK,0.0,0.0,0.0,0.0,0.0,,,
100396,DeLisha Milton-Jones,UNK,0.0,0.0,0.0,0.0,0.0,,,
100395,Clarisse Machanguana,UNK,0.0,0.0,0.0,0.0,0.0,,,
100437,Valerie Still,UNK,0.0,0.0,0.0,0.0,0.0,,,
100433,Chasity Melvin,UNK,0.0,0.0,0.0,0.0,0.0,,,
100432,Kellie Jolly Harper,UNK,0.0,0.0,0.0,0.0,0.0,,,
100431,Jennifer Howard,UNK,0.0,0.0,0.0,0.0,0.0,,,
100430,Tracy Henderson,UNK,0.0,0.0,0.0,0.0,0.0,,,
100429,Alisa Burras,UNK,0.0,0.0,0.0,0.0,0.0,,,
100428,Mery Andrade,UNK,0.0,0.0,0.0,0.0,0.0,,,
100427,Trisha Stafford-Odom,UNK,0.0,0.0,0.0,0.0,0.0,,,
100425,Venus Lacy,UNK,0.0,0.0,0.0,0.0,0.0,,,
100424,Nevriye Yilmaz,UNK,0.0,0.0,0.0,0.0,0.0,,,
100422,Kate Starbird,UNK,0.0,0.0,0.0,0.0,0.0,,,
100421,Kedra Holland-Corn,UNK,0.0,0.0,0.0,0.0,0.0,,,
100419,Yolanda Griffith,UNK,0.0,0.0,0.0,0.0,0.0,,,
100417,Heather Quella,UNK,0.0,0.0,0.0,0.0,0.0,,,
100416,Sheri Sam,UNK,0.0,0.0,0.0,0.0,0.0,,,
100415,Nykesha Sales,UNK,0.0,0.0,0.0,0.0,0.0,,,
100476,Vedrana Grgin Fonseca,UNK,0.0,0.0,0.0,0.0,0.0,,,
100472,Texlin Quinney,UNK,0.0,0.0,0.0,0.0,0.0,,,
100471,Danielle McCulley,UNK,0.0,0.0,0.0,0.0,0.0,,,
100470,Stacey Lovelace,UNK,0.0,0.0,0.0,0.0,0.0,,,
100468,Usha Gilmore,UNK,0.0,0.0,0.0,0.0,0.0,,,
100089,Isabelle Fijalkowski,UNK,0.0,0.0,0.0,0.0,0.0,,,
100088,Michelle Edwards,UNK,0.0,0.0,0.0,0.0,0.0,,,
100087,Janice Braxton,UNK,0.0,0.0,0.0,0.0,0.0,,,
100086,Tiffany Woosley,UNK,0.0,0.0,0.0,0.0,0.0,,,
100085,Yolanda Moore,UNK,0.0,0.0,0.0,0.0,0.0,,,
100084,Fran Harris,UNK,0.0,0.0,0.0,0.0,0.0,,,
100168,Erin Alexander,UNK,0.0,0.0,0.0,0.0,0.0,,,
100162,Margo Clark,UNK,0.0,0.0,0.0,0.0,0.0,,,
100161,Laure Savasta,UNK,0.0,0.0,0.0,0.0,0.0,,,
100158,Marcie Alberts,UNK,0.0,0.0,0.0,0.0,0.0,,,
100156,Heidi Burge,UNK,0.0,0.0,0.0,0.0,0.0,,,
100155,Nicole Levesque,UNK,0.0,0.0,0.0,0.0,0.0,,,
100111,Simone Edwards,UNK,0.0,0.0,0.0,0.0,0.0,,,
100110,Cassandra Crumpton-Moorer,UNK,0.0,0.0,0.0,0.0,0.0,,,
100109,Jasmina Perazic-Gipe,UNK,0.0,0.0,0.0,0.0,0.0,,,
100464,Beverly Williams,UNK,0.0,0.0,0.0,0.0,0.0,,,
100458,Vicki Hall,UNK,0.0,0.0,0.0,0.0,0.0,,,
100457,Helen Darling,UNK,0.0,0.0,0.0,0.0,0.0,,,
100454,Larecha Jones,UNK,0.0,0.0,0.0,0.0,0.0,,,
100452,E.C. Hill,UNK,0.0,0.0,0.0,0.0,0.0,,,
100451,Jamie Cassidy,UNK,0.0,0.0,0.0,0.0,0.0,,,
100447,Tiffany Travis,UNK,0.0,0.0,0.0,0.0,0.0,,,
100446,Summer Erb,UNK,0.0,0.0,0.0,0.0,0.0,,,
100445,Ann Wauters,UNK,0.0,0.0,0.0,0.0,0.0,,,
100441,Angela Aycock,UNK,0.0,0.0,0.0,0.0,0.0,,,
100439,Mila Nikolich,UNK,0.0,0.0,0.0,0.0,0.0,,,
100500,Elena Shakirova,UNK,0.0,0.0,0.0,0.0,0.0,,,
100497,Madinah Slaise,UNK,0.0,0.0,0.0,0.0,0.0,,,
100496,Tamicha Jackson,UNK,0.0,0.0,0.0,0.0,0.0,,,
100494,Barbara Farris,UNK,0.0,0.0,0.0,0.0,0.0,,,
1630057,Lee Seul Kang,UNK,0.0,0.0,0.0,0.0,0.0,,,
100493,Anna DeForge,UNK,0.0,0.0,0.0,0.0,0.0,,,
100492,Edwina Brown,UNK,0.0,0.0,0.0,0.0,0.0,,,
100490,Shanele Stires,UNK,0.0,0.0,0.0,0.0,0.0,,,
100487,Kate Paye,UNK,0.0,0.0,0.0,0.0,0.0,,,
100485,Maylana Martin,UNK,0.0,0.0,0.0,0.0,0.0,,,
100484,Betty Lennox,UNK,0.0,0.0,0.0,0.0,0.0,,,
100483,Keitha Dickerson,UNK,0.0,0.0,0.0,0.0,0.0,,,
100482,Grace Daley,UNK,0.0,0.0,0.0,0.0,0.0,,,
100481,Marla Brumfield,UNK,0.0,0.0,0.0,0.0,0.0,,,
100479,Paige Sauer,UNK,0.0,0.0,0.0,0.0,0.0,,,
100478,Nicky McCrimmon,UNK,0.0,0.0,0.0,0.0,0.0,,,
100477,Nicole Kubik,UNK,0.0,0.0,0.0,0.0,0.0,,,
100525,Rankica Sarenac,UNK,0.0,0.0,0.0,0.0,0.0,,,
100521,Tiffany McCain,UNK,0.0,0.0,0.0,0.0,0.0,,,
100071,Susie Hopson-Shelton,UNK,0.0,0.0,0.0,0.0,0.0,,,
100070,Tia Paschal,UNK,0.0,0.0,0.0,0.0,0.0,,,
100069,"Penny McCray, Nikki (",UNK,0.0,0.0,0.0,0.0,0.0,,,
100067,Katasha Artis,UNK,0.0,0.0,0.0,0.0,0.0,,,
100066,Milica Vukadinovic,UNK,0.0,0.0,0.0,0.0,0.0,,,
100065,Andrea Congreaves,UNK,0.0,0.0,0.0,0.0,0.0,,,
100101,Teresa Weatherspoon,UNK,0.0,0.0,0.0,0.0,0.0,,,
100100,Adrienne Johnson,UNK,0.0,0.0,0.0,0.0,0.0,,,
100097,Rushia Brown,UNK,0.0,0.0,0.0,0.0,0.0,,,
100096,Donna Harrington,UNK,0.0,0.0,0.0,0.0,0.0,,,
100095,Jenny Boucek,UNK,0.0,0.0,0.0,0.0,0.0,,,
100094,Anita Maxwell,UNK,0.0,0.0,0.0,0.0,0.0,,,
100093,Tina Nicholson,UNK,0.0,0.0,0.0,0.0,0.0,,,
100092,Merlakia Jones,UNK,0.0,0.0,0.0,0.0,0.0,,,
100091,Eva Nemcova,UNK,0.0,0.0,0.0,0.0,0.0,,,
100090,Lynette Woodard,UNK,0.0,0.0,0.0,0.0,0.0,,,
100519,Jannon Roland,UNK,0.0,0.0,0.0,0.0,0.0,,,
100518,Nadine Malcolm,UNK,0.0,0.0,0.0,0.0,0.0,,,
100517,Romana Hamzova,UNK,0.0,0.0,0.0,0.0,0.0,,,
1630108,Mariella Fasoula,UNK,0.0,0.0,0.0,0.0,0.0,,,
100516,Amber Hall,UNK,0.0,0.0,0.0,0.0,0.0,,,
100515,Cornelia Gayden,UNK,0.0,0.0,0.0,0.0,0.0,,,
100514,Cintia dos Santos,UNK,0.0,0.0,0.0,0.0,0.0,,,
100512,Shea Mahoney,UNK,0.0,0.0,0.0,0.0,0.0,,,
100511,Desiree Francis,UNK,0.0,0.0,0.0,0.0,0.0,,,
100510,Olga Firsova,UNK,0.0,0.0,0.0,0.0,0.0,,,
100509,Marina Ferragut,UNK,0.0,0.0,0.0,0.0,0.0,,,
1630384,Raquel Carrera,UNK,0.0,0.0,0.0,0.0,0.0,,,
100508,Jessica Bibby,UNK,0.0,0.0,0.0,0.0,0.0,,,
100506,Renee Robinson,UNK,0.0,0.0,0.0,0.0,0.0,,,
100504,Kelley Gibson,UNK,0.0,0.0,0.0,0.0,0.0,,,
1630148,Jihyun Park,UNK,0.0,0.0,0.0,0.0,0.0,,,
100503,Andrea Garner,UNK,0.0,0.0,0.0,0.0,0.0,,,
100547,Stacy Frese,UNK,0.0,0.0,0.0,0.0,0.0,,,
100545,Dana Wynne,UNK,0.0,0.0,0.0,0.0,0.0,,,
100544,Kamila Vodichkova,UNK,0.0,0.0,0.0,0.0,0.0,,,
100543,Robin Threatt-Elliott,UNK,0.0,0.0,0.0,0.0,0.0,,,
100542,Charisse Sampson,UNK,0.0,0.0,0.0,0.0,0.0,,,
100541,Jamie Redd,UNK,0.0,0.0,0.0,0.0,0.0,,,
100538,Katrina Hibbert,UNK,0.0,0.0,0.0,0.0,0.0,,,
100536,Katy Steding,UNK,0.0,0.0,0.0,0.0,0.0,,,
100535,Rhonda Banchero,UNK,0.0,0.0,0.0,0.0,0.0,,,
100534,Stacy Clinesmith,UNK,0.0,0.0,0.0,0.0,0.0,,,
100533,DeMya Walker,UNK,0.0,0.0,0.0,0.0,0.0,,,
100532,Stacey Thomas,UNK,0.0,0.0,0.0,0.0,0.0,,,
1631039,Miela Sowah,UNK,0.0,0.0,0.0,0.0,0.0,,,
100530,Lynn Pride,UNK,0.0,0.0,0.0,0.0,0.0,,,
100529,Sylvia Crawley,UNK,0.0,0.0,0.0,0.0,0.0,,,
100527,Mactabene Amachree,UNK,0.0,0.0,0.0,0.0,0.0,,,
100526,Adrian Williams-Strong,UNK,0.0,0.0,0.0,0.0,0.0,,,
100601,Elisa Aguilar,UNK,0.0,0.0,0.0,0.0,0.0,,,
100599,Stacey Ford,UNK,0.0,0.0,0.0,0.0,0.0,,,
1631003,Mya Hollingshed,UNK,0.0,0.0,0.0,0.0,0.0,,,
100594,Michelle Cleary,UNK,0.0,0.0,0.0,0.0,0.0,,,
100570,Michelle Marciniak,UNK,0.0,0.0,0.0,0.0,0.0,,,
100560,Shantia Owens,UNK,0.0,0.0,0.0,0.0,0.0,,,
100559,Milena Flores,UNK,0.0,0.0,0.0,0.0,0.0,,,
100558,Jameka Jones,UNK,0.0,0.0,0.0,0.0,0.0,,,
100557,Tonya Massaline,UNK,0.0,0.0,0.0,0.0,0.0,,,
100556,Nakia Sanford,UNK,0.0,0.0,0.0,0.0,0.0,,,
100555,Tausha Mills,UNK,0.0,0.0,0.0,0.0,0.0,,,
100554,Beth Cunningham,UNK,0.0,0.0,0.0,0.0,0.0,,,
100553,Keisha Anderson,UNK,0.0,0.0,0.0,0.0,0.0,,,
100552,Kristen Rasmussen,UNK,0.0,0.0,0.0,0.0,0.0,,,
100551,Naomi Mulitauaopele,UNK,0.0,0.0,0.0,0.0,0.0,,,
100051,Megan Compain,UNK,0.0,0.0,0.0,0.0,0.0,,,
100050,Kim Williams,UNK,0.0,0.0,0.0,0.0,0.0,,,
100049,Raegan Scott,UNK,0.0,0.0,0.0,0.0,0.0,,,
100048,Jessie Hicks,UNK,0.0,0.0,0.0,0.0,0.0,,,
100047,Tammi Reiss,UNK,0.0,0.0,0.0,0.0,0.0,,,
100046,Wendy Palmer,UNK,0.0,0.0,0.0,0.0,0.0,,,
100083,Kim Perrot,UNK,0.0,0.0,0.0,0.0,0.0,,,
100082,Nekeshia Henderson,UNK,0.0,0.0,0.0,0.0,0.0,,,
100081,Pietra Gay,UNK,0.0,0.0,0.0,0.0,0.0,,,
100079,Catarina Pollini,UNK,0.0,0.0,0.0,0.0,0.0,,,
100077,Tammy Jackson,UNK,0.0,0.0,0.0,0.0,0.0,,,
100076,Tina Thompson,UNK,0.0,0.0,0.0,0.0,0.0,,,
100075,Janeth Arcain,UNK,0.0,0.0,0.0,0.0,0.0,,,
100074,Wanda Guyton,UNK,0.0,0.0,0.0,0.0,0.0,,,
100073,Cynthia Cooper,UNK,0.0,0.0,0.0,0.0,0.0,,,
100072,Sheryl Swoopes,UNK,0.0,0.0,0.0,0.0,0.0,,,
100549,Amy Herrig,UNK,0.0,0.0,0.0,0.0,0.0,,,
100548,Katryna Gaither,UNK,0.0,0.0,0.0,0.0,0.0,,,
100652,Camille Cooper,UNK,0.0,0.0,0.0,0.0,0.0,,,
100651,Kiesha Brown,UNK,0.0,0.0,0.0,0.0,0.0,,,
100650,Niele Ivey,UNK,0.0,0.0,0.0,0.0,0.0,,,
100648,Kelly Schumacher,UNK,0.0,0.0,0.0,0.0,0.0,,,
100646,Tamika Catchings,UNK,0.0,0.0,0.0,0.0,0.0,,,
100643,Tynesha Lewis,UNK,0.0,0.0,0.0,0.0,0.0,,,
100642,Amanda Lassiter,UNK,0.0,0.0,0.0,0.0,0.0,,,
100640,Kelly Santos,UNK,0.0,0.0,0.0,0.0,0.0,,,
100639,Deanna Nolan,UNK,0.0,0.0,0.0,0.0,0.0,,,
1631136,Pauline Astier,UNK,0.0,0.0,0.0,0.0,0.0,,,
100636,Angelina Wolvert,UNK,0.0,0.0,0.0,0.0,0.0,,,
100635,Jaynetta Saunders,UNK,0.0,0.0,0.0,0.0,0.0,,,
1641683,Holly Winterburn,UNK,0.0,0.0,0.0,0.0,0.0,,,
1641682,Kamaria McDaniel,UNK,0.0,0.0,0.0,0.0,0.0,,,
1641676,Sidney Cooks,UNK,0.0,0.0,0.0,0.0,0.0,,,
100634,Penny Taylor,UNK,0.0,0.0,0.0,0.0,0.0,,,
100629,Reshea Bristol,UNK,0.0,0.0,0.0,0.0,0.0,,,
100628,Tammy Sutton-Brown,UNK,0.0,0.0,0.0,0.0,0.0,,,
100627,Kelly Miller,UNK,0.0,0.0,0.0,0.0,0.0,,,
100626,Jae Kingi-Cross,UNK,0.0,0.0,0.0,0.0,0.0,,,
100674,Carolyn Moos,UNK,0.0,0.0,0.0,0.0,0.0,,,
100671,Ilona Korstine,UNK,0.0,0.0,0.0,0.0,0.0,,,
100670,Kristen Veal,UNK,0.0,0.0,0.0,0.0,0.0,,,
100668,Jaclyn Johnson,UNK,0.0,0.0,0.0,0.0,0.0,,,
100108,Rhonda Blades,UNK,0.0,0.0,0.0,0.0,0.0,,,
100667,Brooke Wyckoff,UNK,0.0,0.0,0.0,0.0,0.0,,,
100666,Katie Douglas,UNK,0.0,0.0,0.0,0.0,0.0,,,
100665,Katie Cronin,UNK,0.0,0.0,0.0,0.0,0.0,,,
100664,Hajdana Radunovic,UNK,0.0,0.0,0.0,0.0,0.0,,,
100663,Katarina Lazic,UNK,0.0,0.0,0.0,0.0,0.0,,,
100032,Nancy Lieberman,UNK,0.0,0.0,0.0,0.0,0.0,,,
100031,Bridget Pettis,UNK,0.0,0.0,0.0,0.0,0.0,,,
100030,Jennifer Gillom,UNK,0.0,0.0,0.0,0.0,0.0,,,
100029,Michele Timms,UNK,0.0,0.0,0.0,0.0,0.0,,,
100028,Danielle Viglione,UNK,0.0,0.0,0.0,0.0,0.0,,,
100027,Latasha Byears,UNK,0.0,0.0,0.0,0.0,0.0,,,
100064,Debra Williams,UNK,0.0,0.0,0.0,0.0,0.0,,,
100063,Sharon Manning,UNK,0.0,0.0,0.0,0.0,0.0,,,
100062,Tora Suber,UNK,0.0,0.0,0.0,0.0,0.0,,,
100060,Rhonda Mapp,UNK,0.0,0.0,0.0,0.0,0.0,,,
100059,Andrea Stinson,UNK,0.0,0.0,0.0,0.0,0.0,,,
100058,Vicky Bullett,UNK,0.0,0.0,0.0,0.0,0.0,,,
100057,Molly Tuter,UNK,0.0,0.0,0.0,0.0,0.0,,,
100055,Greta Koss,UNK,0.0,0.0,0.0,0.0,0.0,,,
100053,Karen Booker,UNK,0.0,0.0,0.0,0.0,0.0,,,
100052,Deborah Carter,UNK,0.0,0.0,0.0,0.0,0.0,,,
100660,Janell Burse,UNK,0.0,0.0,0.0,0.0,0.0,,,
100659,Erin Perperoglou,UNK,0.0,0.0,0.0,0.0,0.0,,,
100658,Svetlana Abrosimova,UNK,0.0,0.0,0.0,0.0,0.0,,,
1641695,Ashten Prechtel,UNK,0.0,0.0,0.0,0.0,0.0,,,
1641692,Paige Robinson,UNK,0.0,0.0,0.0,0.0,0.0,,,
100657,Levys Torres,UNK,0.0,0.0,0.0,0.0,0.0,,,
1642328,Ashley Owusu,UNK,0.0,0.0,0.0,0.0,0.0,,,
1642321,Sydney Taylor,UNK,0.0,0.0,0.0,0.0,0.0,,,
100656,Ruth Riley,UNK,0.0,0.0,0.0,0.0,0.0,,,
100655,Wendi Willits,UNK,0.0,0.0,0.0,0.0,0.0,,,
100653,Nicole Levandusky,UNK,0.0,0.0,0.0,0.0,0.0,,,
100696,Belinda Snell,UNK,0.0,0.0,0.0,0.0,0.0,,,
1642302,Isobel Borlase,UNK,0.0,0.0,0.0,0.0,0.0,,,
100695,Audrey Sauret,UNK,0.0,0.0,0.0,0.0,0.0,,,
100694,Helen Luz,UNK,0.0,0.0,0.0,0.0,0.0,,,
100691,Tamara Stocks,UNK,0.0,0.0,0.0,0.0,0.0,,,
100690,Coco Miller,UNK,0.0,0.0,0.0,0.0,0.0,,,
100688,Cara Consuegra,UNK,0.0,0.0,0.0,0.0,0.0,,,
100686,Michaela Pavlickova,UNK,0.0,0.0,0.0,0.0,0.0,,,
100685,Marie Ferdinand-Harris,UNK,0.0,0.0,0.0,0.0,0.0,,,
1642786,Aicha Coulibaly,UNK,0.0,0.0,0.0,0.0,0.0,,,
1642781,Georgia Amoore,UNK,0.0,0.0,0.0,0.0,0.0,,,
1642775,Alex Wilson,UNK,0.0,0.0,0.0,0.0,0.0,,,
100683,Semeka Randall,UNK,0.0,0.0,0.0,0.0,0.0,,,
100682,Lauren Jackson,UNK,0.0,0.0,0.0,0.0,0.0,,,
100681,Maren Walseth,UNK,0.0,0.0,0.0,0.0,0.0,,,
100680,Jackie Moore,UNK,0.0,0.0,0.0,0.0,0.0,,,
100678,Jenny Mowe,UNK,0.0,0.0,0.0,0.0,0.0,,,
1642811,Shyanne Sellers,UNK,0.0,0.0,0.0,0.0,0.0,,,
100677,LaQuanda Quick,UNK,0.0,0.0,0.0,0.0,0.0,,,
1642807,Reigan Richardson,UNK,0.0,0.0,0.0,0.0,0.0,,,
1642803,Ugonne Onyiah,UNK,0.0,0.0,0.0,0.0,0.0,,,
1643473,Taina Mair,UNK,0.0,0.0,0.0,0.0,0.0,,,
1643472,Christeen Iwuala,UNK,0.0,0.0,0.0,0.0,0.0,,,
1643470,Shay Ciezki,UNK,0.0,0.0,0.0,0.0,0.0,,,
1643469,Indya Nivar,UNK,0.0,0.0,0.0,0.0,0.0,,,
1643468,Elle Ladine,UNK,0.0,0.0,0.0,0.0,0.0,,,
1643467,Cassandre Prosper,UNK,0.0,0.0,0.0,0.0,0.0,,,
100045,Dena Head,UNK,0.0,0.0,0.0,0.0,0.0,,,
100044,Lady Grooms,UNK,0.0,0.0,0.0,0.0,0.0,,,
100043,Elena Baranova,UNK,0.0,0.0,0.0,0.0,0.0,,,
100041,Ryneldi Becenti,UNK,0.0,0.0,0.0,0.0,0.0,,,
100038,Tara Williams,UNK,0.0,0.0,0.0,0.0,0.0,,,
100037,Marlies Askamp,UNK,0.0,0.0,0.0,0.0,0.0,,,
100036,Monique Ambers,UNK,0.0,0.0,0.0,0.0,0.0,,,
100035,Umeki Webb,UNK,0.0,0.0,0.0,0.0,0.0,,,
100034,Tia Jackson,UNK,0.0,0.0,0.0,0.0,0.0,,,
100033,Toni Foster,UNK,0.0,0.0,0.0,0.0,0.0,,,
100676,Jackie Stiles,UNK,0.0,0.0,0.0,0.0,0.0,,,
100675,Pat Luckey,UNK,0.0,0.0,0.0,0.0,0.0,,,
100731,Hamchetou Maiga-Ba,UNK,0.0,0.0,0.0,0.0,0.0,,,
1642794,Juste Jocyte,UNK,0.0,0.0,0.0,0.0,0.0,,,
100730,Danielle Crockrom,UNK,0.0,0.0,0.0,0.0,0.0,,,
1642973,Lauren Jensen,UNK,0.0,0.0,0.0,0.0,0.0,,,
100729,Michelle Snow,UNK,0.0,0.0,0.0,0.0,0.0,,,
1642835,Morgan Maly,UNK,0.0,0.0,0.0,0.0,0.0,,,
1642834,Madison Hayes,UNK,0.0,0.0,0.0,0.0,0.0,,,
100728,Shaunzinski Gortman,UNK,0.0,0.0,0.0,0.0,0.0,,,
1642826,Aubrey Griffin,UNK,0.0,0.0,0.0,0.0,0.0,,,
1642825,Harmoni Turner,UNK,0.0,0.0,0.0,0.0,0.0,,,
1642824,Jordan Hobbs,UNK,0.0,0.0,0.0,0.0,0.0,,,
100727,Deanna Jackson,UNK,0.0,0.0,0.0,0.0,0.0,,,
100726,Sheila Lambert,UNK,0.0,0.0,0.0,0.0,0.0,,,
100725,Tamika Raymond,UNK,0.0,0.0,0.0,0.0,0.0,,,
100724,Nikki Teasley,UNK,0.0,0.0,0.0,0.0,0.0,,,
100723,Asjha Jones,UNK,0.0,0.0,0.0,0.0,0.0,,,
100722,Stacey Dales,UNK,0.0,0.0,0.0,0.0,0.0,,,
100721,Swin Cash,UNK,0.0,0.0,0.0,0.0,0.0,,,
1643442,Maggie Doogan,UNK,0.0,0.0,0.0,0.0,0.0,,,
1643441,Raegan Beers,UNK,0.0,0.0,0.0,0.0,0.0,,,
1643439,Tonie Morgan,UNK,0.0,0.0,0.0,0.0,0.0,,,
1643438,Marta Suarez,UNK,0.0,0.0,0.0,0.0,0.0,,,
1643437,Ashlon Jackson,UNK,0.0,0.0,0.0,0.0,0.0,,,
1643434,Janiah Barker,UNK,0.0,0.0,0.0,0.0,0.0,,,
1643433,Raven Johnson,UNK,0.0,0.0,0.0,0.0,0.0,,,
1643432,Yarden Garzon,UNK,0.0,0.0,0.0,0.0,0.0,,,
1643431,Madina Okot,UNK,0.0,0.0,0.0,0.0,0.0,,,
1643430,Cotie McMahon,UNK,0.0,0.0,0.0,0.0,0.0,,,
1643429,Gianna Kneepkens,UNK,0.0,0.0,0.0,0.0,0.0,,,
1643428,Flau'jae Johnson,UNK,0.0,0.0,0.0,0.0,0.0,,,
1643427,Lauren Betts,UNK,0.0,0.0,0.0,0.0,0.0,,,
1643426,Olivia Miles,UNK,0.0,0.0,0.0,0.0,0.0,,,
1643425,Azzi Fudd,UNK,0.0,0.0,0.0,0.0,0.0,,,
1643424,Costanza Verona,UNK,0.0,0.0,0.0,0.0,0.0,,,
100005,Daedra Charles,UNK,0.0,0.0,0.0,0.0,0.0,,,
1643463,Jalyn Brown,UNK,0.0,0.0,0.0,0.0,0.0,,,
1643462,Chance Gray,UNK,0.0,0.0,0.0,0.0,0.0,,,
1643460,Bella Fontleroy,UNK,0.0,0.0,0.0,0.0,0.0,,,
1643459,Lazaria Spearman,UNK,0.0,0.0,0.0,0.0,0.0,,,
1643458,Saylor Poffenbarger,UNK,0.0,0.0,0.0,0.0,0.0,,,
1643456,Laila Phelia,UNK,0.0,0.0,0.0,0.0,0.0,,,
1643455,Angela Dugalic,UNK,0.0,0.0,0.0,0.0,0.0,,,
1643454,Kara Dunn,UNK,0.0,0.0,0.0,0.0,0.0,,,
1643453,Grace Vanslooten,UNK,0.0,0.0,0.0,0.0,0.0,,,
1643450,Rori Harmon,UNK,0.0,0.0,0.0,0.0,0.0,,,
1643449,Charlisse Leger-Walker,UNK,0.0,0.0,0.0,0.0,0.0,,,
1643448,Nell Angloma,UNK,0.0,0.0,0.0,0.0,0.0,,,
1643447,Gabriela Jaquez,UNK,0.0,0.0,0.0,0.0,0.0,,,
1643444,Ta'Niya Latson,UNK,0.0,0.0,0.0,0.0,0.0,,,
1643487,Quionche Carter,UNK,0.0,0.0,0.0,0.0,0.0,,,
1643488,Emma Cechova,UNK,0.0,0.0,0.0,0.0,0.0,,,
1643529,Jade Masogayo,UNK,0.0,0.0,0.0,0.0,0.0,,,
1643528,Amaya Battle,UNK,0.0,0.0,0.0,0.0,0.0,,,
1643526,Caroline Ducharme,UNK,0.0,0.0,0.0,0.0,0.0,,,
1643525,Alex Fowler,UNK,0.0,0.0,0.0,0.0,0.0,,,
1643524,Ny'Ceara Pryor,UNK,0.0,0.0,0.0,0.0,0.0,,,
1643523,Derin Erdogan,UNK,0.0,0.0,0.0,0.0,0.0,,,
1643507,Megan Nestor,UNK,0.0,0.0,0.0,0.0,0.0,,,
1643505,Jovana Nogic,UNK,0.0,0.0,0.0,0.0,0.0,,,
1643504,Lani White,UNK,0.0,0.0,0.0,0.0,0.0,,,
100014,Kim Gessig,UNK,0.0,0.0,0.0,0.0,0.0,,,
100012,Mwadi Mabika,UNK,0.0,0.0,0.0,0.0,0.0,,,
100011,Linda Burgess,UNK,0.0,0.0,0.0,0.0,0.0,,,
100010,Travesa Gant,UNK,0.0,0.0,0.0,0.0,0.0,,,
100009,Katrina Colleton,UNK,0.0,0.0,0.0,0.0,0.0,,,
100024,Corissa Yasen,UNK,0.0,0.0,0.0,0.0,0.0,,,
